food_code,food_name,source,water_g_100g,energy_kcal_100g,protein_g_100g,fat_g_100g,carb_g_100g,fiber_g_100g,ash_g_100g,calcium_mg_100g,phosphorus_mg_100g,iron_mg_100g,sodium_mg_100g,potassium_mg_100g,copper_mg_100g,zinc_mg_100g,retinol_mcg_100g,beta_carotene_mcg_100g,carotene_total_mcg_100g,thiamin_mg_100g,riboflavin_mg_100g,niacin_mg_100g,vitamin_c_mg_100g,bdd_percent,tkpi_main_group,tkpi_group_code,category_code,category_name,category_source,food_name_clean,food_name_match,food_name_match_original,urt,gram_per_portion,is_processed_code,exists_in_urt,exists_in_manual_whitelist,remove_processed
AR001,"Beras giling, mentah",KZGMI-2001,12.0,357,8.4,1.7,77.1,0.2,0.8,147,81,1.8,27,71.0,0.10,0.5,0,0,0,0.20,0.08,2.6,0,100,A,AR,MP,Makanan Pokok,tkpi_main_group,"beras giling, mentah",nasi beras giling putih,beras giling,3/4 Gelas,100,False,True,True,False
AR002,"Beras giling var pelita, mentah",KZGPI-1990,11.4,369,9.5,1.4,77.1,0.4,0.6,68,171,1.4,0.0,34,0.00,0.0,0,0,0,0.26,0.00,0.0,100,0,A,AR,MP,Makanan Pokok,tkpi_main_group,"beras giling var pelita, mentah",nasi beras giling putih,beras giling var pelita,3/4 Gelas,100,False,True,True,False
AR003,"Beras giling var rojolele, mentah",KZGPI-1990,12.0,357,8.4,1.7,77.1,0.2,0.8,147,81,1.8,112.9,34,80,0,0.1,0.14,0.10,0.02,0.20,1.5,0,100,A,AR,MP,Makanan Pokok,tkpi_main_group,"beras giling var rojolele, mentah",nasi beras giling putih,beras giling var rojolele,3/4 Gelas,100,False,True,True,False
AR004,"Beras hitam, mentah",KZGMI-2001,12.9,351,8.0,1.3,76.9,20.1,0.9,6,198,0.1,15,105.0,1.6,0,0,0,641,0.06,0.21,0.0,100,0,A,AR,MP,Makanan Pokok,tkpi_main_group,"beras hitam, mentah",nasi beras giling hitam,beras hitam,3/4 Gelas,100,False,True,True,False
AR013,"Beras tumbuk merah, mentah",KZGPI-1990,14.6,352,7.3,0.9,76.2,0.8,1.0,15,257,4.2,10,202.0,0.36,1.9,0,0,0,0.00,0.34,3.3,100,0,A,AR,MP,Makanan Pokok,tkpi_main_group,"beras tumbuk merah, mentah",nasi beras giling merah,beras tumbuk merah,3/4 Gelas,100,False,True,True,False
AP004,"Tepung beras, mentah",DABM-1964,12.0,353,7.0,0.5,80.0,2.4,0.5,5,140,0.8,5,241.0,0.6,0.10,0,0,0,0.12,12,0.8,100,0,A,AP,MP,Makanan Pokok,tkpi_main_group,"tepung beras, mentah",tepung beras,tepung beras,8 Sendok Makan,50,True,True,True,False
AP006,"Bihun, mentah",DABM-1964,12.9,348,4.7,0.1,82.1,1.2,0.2,6,35,1.8,5.0,12,0.08,0.00,0.00,0,0,0,0.2,0.7,100,0,A,AP,MP,Makanan Pokok,tkpi_main_group,"bihun, mentah",bihun,bihun,1/2 Gelas,50,True,True,True,False
AP020,"Makaroni, mentah",DABM-1964,11.7,353,8.7,0.4,78.7,4.9,2.5,20,80,0.3,5,0.0,0.28,1.4,0,-,-,0.10,0.13,2.2,0,100,A,AP,MP,Makanan Pokok,tkpi_main_group,"makaroni, mentah",makaroni,makaroni,1½ Gelas,50,True,True,True,False
AP024,Roti putih,DABM-1964,40.0,248,8.0,1.2,50.0,9.1,0.8,10,95,1.5,91.0,530,0.9,0.15,0,0,0,0.29,0.10,2.4,0,100,A,AP,MP,Makanan Pokok,tkpi_main_group,roti putih,roti putih,roti putih,3 Iris,70,True,True,True,False
AP025,Tepung terigu,KZGPI-1990,11.8,333,9.0,1.0,77.2,0.3,1.0,22,150,1.3,2,0.0,2.8,0.00,0,0,0,0.10,0.07,1.0,100,0,A,AP,MP,Makanan Pokok,tkpi_main_group,tepung terigu,tepung terigu,tepung terigu,5 Sendok Makan,50,True,True,True,False
AP029,Biskuit,DABM-1964,2.2,458,6.9,14.4,75.1,2.1,1.4,62,87,2.7,20.3,241,0.16,0.6,14,0,-,0.15,0.09,1.4,100,0,A,AP,MP,Makanan Pokok,tkpi_main_group,biskuit,biskuit,biskuit,4 Buah Besar,40,True,True,False,False
BR013,"Kentang, segar",KZGPI- 1990,"83,4",62,"2,1","0,2","13,5","0,5","0,8",63,58,"0,7",7,396,"0,4","0,3",0,0,0,"0,09","0,1",1,21,85,B,BR,MP,Makanan Pokok,tkpi_main_group,"kentang, segar",kentang,kentang,2 Buah Sedang,210,False,True,False,False
BR014,"Kentang hitam, segar",DABM- 1964,64,142,"0,9","0,4","33,7","5,4",1,34,75,"0,2",22,"890,3","0,9","0,6",,0,,"0,02","0,1","2,2",38,75,B,BR,MP,Makanan Pokok,tkpi_main_group,"kentang hitam, segar",kentang hitam,kentang hitam,12 Biji,125,False,True,False,False
CR018,"Kacang kedelai, segar",DABM-1964,20,286,"30,2","15,6","30,1","2,9","4,1",196,506,"6,9",28,"870,9","1,24","3,6",,,95,"0,93","0,26","1,8",,100,C,CR,LN,Lauk Nabati,tkpi_main_group,"kacang kedelai, segar",kacang kedelai,kacang kedelai,2 Sendok Makan,25,False,True,False,False
CR027,"Kacang merah, segar",KZGPI- l990,"57,2",171,11,"2,2",28,"2,1","1,7",293,134,"3,7",7,"360,7","0,34","1,4",,0,10,"0,15","0,15","1,1",,100,C,CR,LN,Lauk Nabati,tkpi_main_group,"kacang merah, segar",kacang merah,kacang merah,2 Sendok Makan,25,False,True,False,False
CP005,"kacang hijau, rebus",KZGPI-1990,"71,3",109,"8,7","0,5","18,3","1,5","1,2",95,149,"1,5",447,"657,8","1,4","2,8",,18,120,"0,12","0,04","0,4",3,100,C,CP,LN,Lauk Nabati,tkpi_main_group,"kacang hijau, rebus",kacang hijau,kacang hijau,2 Sendok Makan,25,True,True,False,False
CP007,"Kacang kedelai, rebus",KZGPI-1990,"56,8",189,"20,2","8,2","12,7","1,6","2,1",91,270,"3,9",181,615,"1,3","3,7",,4,15,"0,2","0,04","0,5",0,100,C,CP,LN,Lauk Nabati,tkpi_main_group,"kacang kedelai, rebus",kacang kedelai,kacang kedelai,2 Sendok Makan,25,True,True,False,False
CP037,Kembang tahu,KZGPI- 1990,"10,8",380,"48,9","13,8","23,3",0,"3,2",378,781,"2,1",55,"455,3","0,68","4,2",,0,,"0,15","0,08","0,7",,100,C,CP,LN,Lauk Nabati,tkpi_main_group,kembang tahu,kembang tahu,kembang tahu,1 Lembar,20,True,True,True,False
CP051,Oncom,DABM-1964,57,187,13,6,"22,6",,"1,4",96,115,27,,,,,0,,,"0,09",0,"1,6",0,100,C,CP,LN,Lauk Nabati,tkpi_main_group,oncom,oncom,oncom,2 Potong Besar,50,True,True,True,False
CP061,"Tahu, mentah",KZGPI- 1990,"82,2",80,"10,9","4,7","0,8","0,1","1,4",223,183,"3,4",2,"50,6","0,19","0,8",,118,,"0,01","0,08","0,1",,100,C,CP,LN,Lauk Nabati,tkpi_main_group,"tahu, mentah",tahu,tahu,2 Potong Sedang,100,True,True,True,False
CP077,"Tempe kedelai, mentah",KZGPI- 1990,"55,3",201,"20,8","8,8","13,5","1,4","1,6",155,326,4,9,234,"0,57","1,7",,0,,"0,19","0,59","4,9",,100,C,CP,LN,Lauk Nabati,tkpi_main_group,"tempe kedelai, mentah",tempe kedelai,tempe kedelai,2 potong sedang,50,True,True,True,False
DR001,"Akar tonjong, segar",KZGPI-1990,"86,7",45,"1,1","0,4","10,8","1,2",1,72,125,"1,3","96,4","1147,1","0,02","0,2",0,83,90,"0,02","0,03","1,9",2,100,D,DR,S,Sayur,tkpi_main_group,"akar tonjong, segar",akar tonjong,akar tonjong,1 gelas,100,False,False,False,False
DR002,"Ale,toge, segar",KZGPI-1990,"90,6",37,"4,4","0,5","3,8","1,7","0,7",50,248,2,"2,3",105,"0,16","0,4",0,0,35,"0,02","0,09","0,6",46,90,D,DR,S,Sayur,tkpi_main_group,"ale,toge, segar","ale,toge","ale,toge",1 gelas,100,False,False,False,False
DR003,"Andaliman, segar",KZGPI-1990,"74,2",99,"4,6",1,18,"8,5","2,2",383,107,"2,9",,,,,0,,6300,3,,,15,100,D,DR,S,Sayur,tkpi_main_group,"andaliman, segar",andaliman,andaliman,1 gelas,100,False,False,False,False
DR004,"Andewi, segar",DABM-1964,"91,8",226,"1,6","0,2","5,3","4,1","1,1",33,66,1,29,"414,6","0,13",1,,1717,,"0,14","0,09","0,5",10,80,D,DR,S,Sayur,tkpi_main_group,"andewi, segar",andewi,andewi,1 gelas,100,False,False,False,False
DR005,"Bakung, segar",KZGMI-2001,"92,5",27,2,"0,2","4,2","3,8","1,1",19,20,"0,5",37,340,"0,2","0,3",,1080,,"0,2","0,1","0,3",42,100,D,DR,S,Sayur,tkpi_main_group,"bakung, segar",bakung,bakung,1 gelas,100,False,False,False,False
DR006,"Baligo, segar",DABM-1964,"96,1",15,"0,4","0,2",3,"0,4","0,3",19,19,"0,4","1,7","131,1","0,02","0,6",,0,,"0,04","0,02","0,3",13,69,D,DR,S,Sayur,tkpi_main_group,"baligo, segar",baligo,baligo,1 gelas,100,False,False,False,False
DR007,"Bawang bombay, segar",DABM-1964,"87,5",43,"1,4","0,2","10,3",2,"0,6",32,44,"0,5","12,2","9,6","0,1","0,3",,788,50,"0,03","0,21","0,4",9,94,D,DR,S,Sayur,tkpi_main_group,"bawang bombay, segar",bawang bombay,bawang bombay,1 gelas,100,False,False,False,False
DR008,"Bayam, segar",KZGPI-1990,"94,5",16,"0,9","0,4","2,9","0,7","1,3",166,76,"3,5","15,8","456,4","0,13","0,4",,2699,2293,"0,04","0,1",1,41,71,D,DR,S,Sayur,tkpi_main_group,"bayam, segar",bayam,bayam,1 gelas,100,False,False,False,False
DR009,"Bayam merah, segar",KZGMI-2001,"88,5",41,"2,2","0,8","6,3","2,2","2,2",520,80,7,20,60,"0,2","0,8",0,7325,,"0,2","0,1","0,1",62,71,D,DR,S,Sayur,tkpi_main_group,"bayam merah, segar",bayam merah,bayam merah,1 gelas,100,False,False,False,False
DR010,"Bit, segar",DABM-1964,"87,6",41,"1,6","0,1","9,6","2,6","1,1",27,43,1,"28,5","404,9","0,2","0,7",,0,20,"0,02","0,05","0,3",10,75,D,DR,S,Sayur,tkpi_main_group,"bit, segar",bit,bit,1 gelas,100,False,False,False,False
DR011,Buah kelor,KZGMI-2001,"89,5",38,"1,5","0,2","7,5","3,2","1,3",30,54,0,48,216,0,"0,2",,31,,"0,1","0,1","4,1",25,65,D,DR,S,Sayur,tkpi_main_group,buah kelor,buah kelor,buah kelor,1 gelas,100,False,False,False,False
DR012,Buah merah,KZGMI-2001,"81,2",87,"2,6","2,7","13,1",4,"0,4",30,1,"1,1",110,140,"0,1","0,3",0,0,,"1,5","0,1","0,2",15,100,D,DR,S,Sayur,tkpi_main_group,buah merah,buah merah,buah merah,1 gelas,100,False,False,False,False
DR013,"Buncis, segar",KZGPI-1990,"89,6",34,"2,4","0,3","7,2","1,9","0,5",101,42,"0,7",8,250,"0,07","0,3",0,772,550,"0,05","0,4","2,8",11,90,D,DR,S,Sayur,tkpi_main_group,"buncis, segar",buncis,buncis,1 gelas,100,False,False,False,False
DR014,"Bunga pepaya, segar",KZGPI-1990,"87,3",45,"2,6","0,3","8,1","1,6","1,7",290,113,"4,2","2,3","478,3","0,08","0,8",,2792,5,"0,01","0,28",1,23,100,D,DR,S,Sayur,tkpi_main_group,"bunga pepaya, segar",bunga pepaya,bunga pepaya,1 gelas,100,False,False,False,False
DR015,"Bunga turi, segar",BKP,"90,4",42,2,"1,1","6,1","3,3","0,4",28,23,"0,8","28,6","97,4","0,1","0,6",,1200,0,"0,5","0,02","0,4",1,"96,1",D,DR,S,Sayur,tkpi_main_group,"bunga turi, segar",bunga turi,bunga turi,1 gelas,100,False,False,False,False
DR016,"Caisin, segar",KZGPI-1990,"93,6",20,"1,7","0,4","3,4","1,2","0,9",123,40,"1,9",18,"358,2","0,05","1,4",,1675,4188,"0,04","0,19","0,6",3,100,D,DR,S,Sayur,tkpi_main_group,"caisin, segar",caisin,caisin,1 gelas,100,False,False,False,False
DR017,"Daun bangun- bangun, segar",KZGPI-1990,"92,5",27,"1,3","0,6",4,1,"1,6",279,40,"13,6","3,6",144,,,,1489,13288,"0,16","0,1",0,5,66,D,DR,S,Sayur,tkpi_main_group,"daun bangun- bangun, segar",daun bangun- bangun,daun bangun- bangun,1 gelas,100,False,False,False,False
DR018,"Daun bawang merah, segar",KZGMI-2001,"89,1",41,2,"0,3","7,8","2,1","0,8",60,40,"2,3",30,90,"0,1","0,3",0,218,,"0,1","0,1","0,2",11,67,D,DR,S,Sayur,tkpi_main_group,"daun bawang merah, segar",daun bawang merah,daun bawang merah,1 gelas,100,False,False,False,False
DR019,"Daun bebuas, segar",KZGPI-1990,"87,9",41,"2,7",1,"7,3","2,1","1,1",29,245,"1,5",,,,,0,,3099,"0,01",,,3,49,D,DR,S,Sayur,tkpi_main_group,"daun bebuas, segar",daun bebuas,daun bebuas,1 gelas,100,False,False,False,False
DR020,"Daun belem, segar",KZGPI-1990,"84,6",50,"4,4","1,4","7,8","1,9","1,8",698,151,"7,5",,,,,0,,13072,"0,05",,,21,81,D,DR,S,Sayur,tkpi_main_group,"daun belem, segar",daun belem,daun belem,1 gelas,100,False,False,False,False
DR021,"Daun bluntas, segar",DABM-1964,86,44,"1,8","0,5","9,4",,"2,3",256,49,"5,6",,,,,,,3980,"0,02",,,30,65,D,DR,S,Sayur,tkpi_main_group,"daun bluntas, segar",daun bluntas,daun bluntas,1 gelas,100,False,False,False,False
DR022,"Daun gandaria, segar",DABM-1964,81,63,"3,1","0,3",14,"2,1","1,6",40,45,"4,7",3,"127,7",,,,503,600,"0,04","0,04","0,2",61,65,D,DR,S,Sayur,tkpi_main_group,"daun gandaria, segar",daun gandaria,daun gandaria,1 gelas,100,False,False,False,False
DR023,"Daun gedi besar, segar",KZGMI-2001,84,58,"2,9","0,7",10,"3,3","2,4",440,100,"1,9",30,40,"0,2","2,1",,596,,"0,4","0,5","2,8",11,65,D,DR,S,Sayur,tkpi_main_group,"daun gedi besar, segar",daun gedi besar,daun gedi besar,1 gelas,100,False,False,False,False
DR024,"Daun gedi kecil, segar",KZGMI-2001,"83,7",61,"3,2","0,7","10,4","3,4",2,420,70,"1,7",20,50,"0,1","1,4",,607,,"0,4","0,3","2,9",11,65,D,DR,S,Sayur,tkpi_main_group,"daun gedi kecil, segar",daun gedi kecil,daun gedi kecil,1 gelas,100,False,False,False,False
DR025,"Daun gelang, segar",KZGPI-1990,"90,3",30,"1,3","0,7","5,8","1,3","1,9",350,210,"11,9","4,7","333,3","0,31","1,2",0,4701,1954,"0,01","0,14","0,7",1,52,D,DR,S,Sayur,tkpi_main_group,"daun gelang, segar",daun gelang,daun gelang,1 gelas,100,False,False,False,False
DR026,"Daun gunda bali, segar",KZGPI-1990,"86,4",50,"4,6","0,9",7,"1,4","1,1",167,62,"0,5",,,,,0,,6571,"0,05",,,20,49,D,DR,S,Sayur,tkpi_main_group,"daun gunda bali, segar",daun gunda bali,daun gunda bali,1 gelas,100,False,False,False,False
DR027,"Daun gunda serang, segar",KZGPI-1990,"84,6",62,"4,2","0,9","9,2","1,3","1,1",171,64,"0,6",,,,,0,,7347,"0,02",,,20,47,D,DR,S,Sayur,tkpi_main_group,"daun gunda serang, segar",daun gunda serang,daun gunda serang,1 gelas,100,False,False,False,False
DR030,"Daun jawaw seluang, segar",KZGMI-2001,"77,2",93,5,"1,3","15,3","3,9","1,2",146,103,"5,3",2,434,"0,5","1,5",,,,"0,1","0,7",,9,,D,DR,S,Sayur,tkpi_main_group,"daun jawaw seluang, segar",daun jawaw seluang,daun jawaw seluang,1 gelas,100,False,False,False,False
DR031,"Daun jonghe, segar",KZGPI-1990,"91,4",27,"2,1","0,7","4,4",2,"1,4",253,192,"9,5",,,,,0,,5057,"0,01",,,1,45,D,DR,S,Sayur,tkpi_main_group,"daun jonghe, segar",daun jonghe,daun jonghe,1 gelas,100,False,False,False,False
DR032,"Daun kacang ma, segar",KZGPI-1990,"89,1",36,"2,9","0,6","6,8","1,8","0,6",64,220,"2,2",7,"485,3","0,2","0,3",,2893,4377,"0,04","0,18","1,2",4,33,D,DR,S,Sayur,tkpi_main_group,"daun kacang ma, segar",daun kacang ma,daun kacang ma,1 gelas,100,False,False,False,False
DR033,"Daun kacang panjang, segar",KZGPI-1990,"89,7",30,"3,1","0,3","5,8","1,7","1,1",200,66,"4,5",7,"458,6","0,2","0,3",0,2734,4592,"0,33","0,2","1,1",30,65,D,DR,S,Sayur,tkpi_main_group,"daun kacang panjang, segar",daun kacang panjang,daun kacang panjang,1 gelas,100,False,False,False,False
DR034,"Daun kasbi/singkong karet, segar",KZGMI-2001,"80,3",92,4,"3,6","10,9","5,8","1,2",140,70,"1,6",70,90,"0,3","1,1",,9999,,"0,1","0,2","0,1",74,87,D,DR,S,Sayur,tkpi_main_group,"daun kasbi/singkong karet, segar",daun kasbi singkong karet,daun kasbi singkong karet,1 gelas,100,False,False,False,False
DR035,"Daun katuk, segar",KZGPI-1990,81,59,"6,4",1,"9,9","1,5","1,7",233,98,"3,5","20,7","478,8","0,3","1,3",,9152,10020,0,"0,31","2,3",164,40,D,DR,S,Sayur,tkpi_main_group,"daun katuk, segar",daun katuk,daun katuk,1 gelas,100,False,False,False,False
DR036,"Daun kecipir, segar",DABM-1964,85,52,5,"0,5","8,5",,1,134,81,"6,2","5,8",114,"0,3","0,8",,3981,5240,"0,28","0,4","2,2",29,70,D,DR,S,Sayur,tkpi_main_group,"daun kecipir, segar",daun kecipir,daun kecipir,1 gelas,100,False,False,False,False
DR037,"Daun kedondong, segar",DABM-1964,81,59,"3,5","0,3","13,4","10,7","1,8",540,82,"6,2","12,1",579,,,,1624,2900,"0,06","0,2","1,5",29,65,D,DR,S,Sayur,tkpi_main_group,"daun kedondong, segar",daun kedondong,daun kedondong,1 gelas,100,False,False,False,False
DR038,"Daun kelor, segar",KZGMI-2001,"75,5",92,"5,1","1,6","14,3","8,2","3,5",1077,76,6,61,298,"0,1","0,6",,3266,,"0,3","0,1","4,2",22,65,D,DR,S,Sayur,tkpi_main_group,"daun kelor, segar",daun kelor,daun kelor,1 gelas,100,False,False,False,False
DR039,"Daun kemang, segar",DABM-1964,85,43,"5,5","0,3","7,5","8,4","1,7",35,106,1,"9,5","457,1",,,,1282,1017,"0,06","0,1","1,2",30,65,D,DR,S,Sayur,tkpi_main_group,"daun kemang, segar",daun kemang,daun kemang,1 gelas,100,False,False,False,False
DR040,"Daun kenikir, segar",BKP,"87,6",45,"3,7","0,5","6,6","5,8","1,7",328,65,"2,7","6,1",431,"0,1","0,6",,30200,12,"0,5","0,3","4,5",0,"36,3",D,DR,S,Sayur,tkpi_main_group,"daun kenikir, segar",daun kenikir,daun kenikir,1 gelas,100,False,False,False,False
DR041,"Daun kesum, segar",KZGPI-1990,"84,8",48,"4,5","0,8","9,1","1,6","0,8",125,142,"2,6","10,8","174,7","0,4","1,2",0,4216,8715,"0,01","0,1","1,6",4,53,D,DR,S,Sayur,tkpi_main_group,"daun kesum, segar",daun kesum,daun kesum,1 gelas,100,False,False,False,False
DR042,"Daun kol sawi, segar",KZGPI-1990,"93,1",22,"2,1","0,5","3,6","0,9","0,7",200,92,"3,2","19,4","386,2","0,1","0,2",0,1806,2177,"0,03","0,2","0,6",3,87,D,DR,S,Sayur,tkpi_main_group,"daun kol sawi, segar",daun kol sawi,daun kol sawi,1 gelas,100,False,False,False,False
DR043,"Daun koro, segar",DABM-1964,91,23,3,"0,3","3,7",,2,134,81,"6,2","3,5","68,4","0,2","0,5",,2386,5240,"0,28","0,2","1,3",29,65,D,DR,S,Sayur,tkpi_main_group,"daun koro, segar",daun koro,daun koro,1 gelas,100,False,False,False,False
DR044,"Daun kubis, segar",KZGMI-2001,"86,2",51,"2,5","1,1",8,"3,4","2,2",100,50,"3,4",50,100,"0,9","0,6",,9999,,"0,4","0,1","0,2",16,75,D,DR,S,Sayur,tkpi_main_group,"daun kubis, segar",daun kubis,daun kubis,1 gelas,100,False,False,False,False
DR045,"Daun kumak, segar",KZGPI-1990,"95,2",14,"1,3","0,3","2,3","0,9","0,9",90,59,"2,7","1,9","36,5","0,1","0,3",,1274,2961,"0,01",0,"0,5",3,78,D,DR,S,Sayur,tkpi_main_group,"daun kumak, segar",daun kumak,daun kumak,1 gelas,100,False,False,False,False
DR046,"Daun labu siam, segar",DABM-1964,"89,7",34,4,"0,4","4,7","3,5","1,2",58,70,"2,5","15,9","630,7","0,2","0,3",,4773,2025,"0,08","0,4","1,7",16,100,D,DR,S,Sayur,tkpi_main_group,"daun labu siam, segar",daun labu siam,daun labu siam,1 gelas,100,False,False,False,False
DR047,"Daun labu waluh/kuning, segar",DABM-1964,"89,7",34,"3,6","0,6","4,5","2,9","1,6",138,99,"3,7","15,9","630,7","0,2","0,3",,1258,2750,"0,14","0,2","1,3",36,70,D,DR,S,Sayur,tkpi_main_group,"daun labu waluh/kuning, segar",daun labu waluh kuning,daun labu waluh kuning,1 gelas,100,False,False,False,False
DR048,"Daun lamtoro, segar",KZGPI-1990,74,87,"8,3","1,8","14,4","3,3","1,5",725,174,"3,9","10,1","197,7","0,5","1,4",0,6900,13040,0,"0,1","2,3",32,40,D,DR,S,Sayur,tkpi_main_group,"daun lamtoro, segar",daun lamtoro,daun lamtoro,1 gelas,100,False,False,False,False
DR049,"Daun leilem, segar",KZGMI-2001,"79,4",76,"2,8","0,2","15,8","3,1","1,8",296,22,"3,4",6,46,"0,5","1,1",,753,,"0,3","0,1","2,5",22,90,D,DR,S,Sayur,tkpi_main_group,"daun leilem, segar",daun leilem,daun leilem,1 gelas,100,False,False,False,False
DR050,"Daun leunca, segar",DABM-1964,85,49,"4,7","0,5","8,1",,"1,7",210,80,"6,1",,,,,,,1900,"0,14",,,40,70,D,DR,S,Sayur,tkpi_main_group,"daun leunca, segar",daun leunca,daun leunca,1 gelas,100,False,False,False,False
DR051,"Daun lobak, segar",DKBM-1964,90,30,"2,3","0,4","5,8","3,2","1,4",140,33,"3,7","15,8","747,4","0,2","0,2",,5039,1000,"0,07","1,1","6,5",109,70,D,DR,S,Sayur,tkpi_main_group,"daun lobak, segar",daun lobak,daun lobak,1 gelas,100,False,False,False,False
DR052,"Daun lompong talas, segar",DABM-1964,"87,2",44,3,"0,8","7,4","3,3","1,6",76,59,1,"2,7","578,4","0,2","0,4",,2584,2000,"0,08","0,4","1,4",31,75,D,DR,S,Sayur,tkpi_main_group,"daun lompong talas, segar",daun lompong talas,daun lompong talas,1 gelas,100,False,False,False,False
DR053,"Daun mangkokan, segar",DABM-1964,82,57,"3,7","0,3","11,8",,"2,2",474,49,4,,,,,,,5450,"0,06",,,83,80,D,DR,S,Sayur,tkpi_main_group,"daun mangkokan, segar",daun mangkokan,daun mangkokan,1 gelas,100,False,False,False,False
DR054,"Daun matel ambon, segar",KZGPI-1990,"77,1",71,"6,8","1,6","11,5","4,6",3,93,95,"10,2",,,,,0,,49,"0,08",,,26,100,D,DR,S,Sayur,tkpi_main_group,"daun matel ambon, segar",daun matel ambon,daun matel ambon,1 gelas,100,False,False,False,False
DR055,"Daun melinjo, segar",DABM-1964,"70,8",104,5,"1,3","21,3","10,3","1,6",219,82,"4,2","12,2","604,8","0,4","0,6",,823,10000,"0,09",,,182,88,D,DR,S,Sayur,tkpi_main_group,"daun melinjo, segar",daun melinjo,daun melinjo,1 gelas,100,False,False,False,False
DR056,"Daun mengkudu, segar",KZGPI-1990,"80,9",65,4,"1,7","11,4","3,9",2,296,40,"6,9",,,,,0,2,4958,"0,01","0,1","5,7",35,90,D,DR,S,Sayur,tkpi_main_group,"daun mengkudu, segar",daun mengkudu,daun mengkudu,1 gelas,100,False,False,False,False
DR057,"Daun ndusuk, segar",KZGMI-2001,56,166,"1,7","0,5","38,8","10,7",3,40,20,"1,8",40,310,"0,2","0,7",,14457,,"0,4","0,1","0,1",30,,D,DR,S,Sayur,tkpi_main_group,"daun ndusuk, segar",daun ndusuk,daun ndusuk,1 gelas,100,False,False,False,False
DR058,"Daun oyong, segar",DABM-1964,93,22,1,"0,1","5,3",2,"0,6",21,44,2,"39,9","295,5","0,1","0,2",,855,1000,"0,08","0,1","0,8",150,65,D,DR,S,Sayur,tkpi_main_group,"daun oyong, segar",daun oyong,daun oyong,1 gelas,100,False,False,False,False
DR059,"Daun pakis, segar",KZGPI-1990,"86,8",39,"4,5","0,4","6,9",2,"1,4",136,159,"2,3","20,1","201,9","0,2","0,3",0,1625,3292,"0,02","0,1","0,5",3,70,D,DR,S,Sayur,tkpi_main_group,"daun pakis, segar",daun pakis,daun pakis,1 gelas,100,False,False,False,False
DR060,"Daun pakis longgiho, segar",KZGMI-2001,"89,5",54,"2,2","3,6","3,1","2,1","1,6",40,80,"0,7",70,500,"0,4","0,1",,168,,"0,4","0,3","0,2",8,70,D,DR,S,Sayur,tkpi_main_group,"daun pakis longgiho, segar",daun pakis longgiho,daun pakis longgiho,1 gelas,100,False,False,False,False
DR061,"Daun pakis wambateu, segar",KZGMI-2001,"86,9",53,"3,4","1,2","7,2","4,8","1,3",30,100,"0,3",20,200,"0,2","0,3",,191,,"0,7","0,2","0,3",6,70,D,DR,S,Sayur,tkpi_main_group,"daun pakis wambateu, segar",daun pakis wambateu,daun pakis wambateu,1 gelas,100,False,False,False,False
DR062,"Daun paku, segar",KZGMI-2001,"88,8",29,"3,4","0,1","6,5","4,3","1,2",13,88,"1,3",19,434,"0,5","0,7",,18,,"0,2","0,1","11,7",10,70,D,DR,S,Sayur,tkpi_main_group,"daun paku, segar",daun paku,daun paku,1 gelas,100,False,False,False,False
DR063,"Daun pangi,segar",KZGMI-2001,"76,1",104,"3,9","0,6","17,9","8,3","1,5",256,22,"1,8",4,266,"1,7","0,5",,55,,"0,4","0,1","0,1",23,90,D,DR,S,Sayur,tkpi_main_group,"daun pangi,segar",daun pangi,daun pangi,1 gelas,100,False,False,False,False
DR064,"Daun pare, segar",KZGMI-2001,"87,3",49,"2,7",1,"8,4",3,"1,6",217,70,"3,3",7,498,"0,4","1,2",,1800,,"0,4","0,2","0,6",7,,D,DR,S,Sayur,tkpi_main_group,"daun pare, segar",daun pare,daun pare,1 gelas,100,False,False,False,False
DR065,"Daun pepaya, segar",DABM-1964,"75,4",87,8,2,"11,9","1,5","2,7",353,63,"0,8","4,4","926,6","0,2","1,5",,5409,18250,"0,15","0,5","1,9",140,71,D,DR,S,Sayur,tkpi_main_group,"daun pepaya, segar",daun pepaya,daun pepaya,1 gelas,100,False,False,False,False
DR066,"Daun pohpohan, segar",KZGPI-1990,"87,4",37,"2,5","0,8","6,9","2,6","2,4",744,80,"5,9",,,,,0,,7378,"0,03",,,5,69,D,DR,S,Sayur,tkpi_main_group,"daun pohpohan, segar",daun pohpohan,daun pohpohan,1 gelas,100,False,False,False,False
DR067,"Daun selasih, segar",KZGMI-2001,"83,1",62,4,"0,5","10,5","5,3","1,9",122,16,"13,9",3,259,"0,4","0,7",0,4112,,"0,5","0,1","0,2",24,53,D,DR,S,Sayur,tkpi_main_group,"daun selasih, segar",daun selasih,daun selasih,1 gelas,100,False,False,False,False
DR068,"Daun semanggi, segar",KZGPI-1990,"84,7",45,"4,4","0,5","8,5","1,9","1,9",98,90,7,"64,2","520,7","0,5","0,3",0,64,3365,"0,01","0,5","0,7",6,90,D,DR,S,Sayur,tkpi_main_group,"daun semanggi, segar",daun semanggi,daun semanggi,1 gelas,100,False,False,False,False
DR069,"Daun simpur, segar",KZGPI-1990,"86,2",53,"3,2","2,5","7,6","1,6","0,9",228,194,"3,5",,,,,0,,3346,"0,02",,,5,100,D,DR,S,Sayur,tkpi_main_group,"daun simpur, segar",daun simpur,daun simpur,1 gelas,100,False,False,False,False
DR070,"Daun singkil, segar",KZGPI-1990,"80,9",68,2,1,"15,2","3,3","0,9",178,86,"2,1",,,,,,,6042,"0,02",,,3,70,D,DR,S,Sayur,tkpi_main_group,"daun singkil, segar",daun singkil,daun singkil,1 gelas,100,False,False,False,False
DR071,"Daun singkong, segar",KZGPI-1990,"84,4",50,"6,2","1,1","7,1","2,4","1,2",166,99,"1,3","16,5","23,1","0,1",2,0,3204,7052,"0,04","0,1","1,8",103,87,D,DR,S,Sayur,tkpi_main_group,"daun singkong, segar",daun singkong,daun singkong,1 gelas,100,False,False,False,False
DR072,"Daun singkong ambon, segar",DABM-1964,58,144,"12,7","1,2","25,2","10,2","2,9",165,54,"3,9","44,4","62,2","0,2","5,4",,8627,13000,"0,21",1,"4,2",220,87,D,DR,S,Sayur,tkpi_main_group,"daun singkong ambon, segar",daun singkong ambon,daun singkong ambon,1 gelas,100,False,False,False,False
DR073,"Daun singkong ampenan, segar",KZGMI-2001,"84,4",50,"6,2","1,1","7,1","2,4","1,2",352,123,"2,7",49,570,"0,2","1,3",,7917,,"0,5","0,1","1,6",103,87,D,DR,S,Sayur,tkpi_main_group,"daun singkong ampenan, segar",daun singkong ampenan,daun singkong ampenan,1 gelas,100,False,False,False,False
DR074,"Daun singkong kopang, segar",KZGMI-2001,"81,1",74,"6,3","0,7","10,7","4,6","1,2",142,115,"1,7",32,382,"0,2","1,5",,3882,,"0,5","0,5","1,9",211,87,D,DR,S,Sayur,tkpi_main_group,"daun singkong kopang, segar",daun singkong kopang,daun singkong kopang,1 gelas,100,False,False,False,False
DR075,"Daun sintrong, segar",KZGPI-1990,"88,5",36,"2,6","0,9","6,1","1,7","1,9",398,95,"9,3","64,1","444,4","0,1","0,4",0,10178,8868,"0,03","0,2","0,9",3,94,D,DR,S,Sayur,tkpi_main_group,"daun sintrong, segar",daun sintrong,daun sintrong,1 gelas,100,False,False,False,False
DR076,"Daun talas, segar",KZGPI-1990,"81,1",59,3,"0,4","13,5",3,2,236,50,"2,4",4,"854,1","0,4","0,5",0,3816,5740,"0,07","0,6",2,24,80,D,DR,S,Sayur,tkpi_main_group,"daun talas, segar",daun talas,daun talas,1 gelas,100,False,False,False,False
DR077,"Daun tespong, segar",DABM-1964,81,70,"2,9","0,3","13,9","2,3","1,9",155,65,"2,5","72,4",,"0,15","0,9",,171,2500,"0,05","0,7","1,4",21,60,D,DR,S,Sayur,tkpi_main_group,"daun tespong, segar",daun tespong,daun tespong,1 gelas,100,False,False,False,False
DR078,"Daun ubi kuning, segar",KZGMI-2001,"83,5",62,"3,7","0,3","11,1","6,4","1,4",170,40,"0,6",10,0,"0,2","0,5",,3564,,"0,3","0,3","1,2",4,75,D,DR,S,Sayur,tkpi_main_group,"daun ubi kuning, segar",daun ubi kuning,daun ubi kuning,1 gelas,100,False,False,False,False
DR079,"Daun ubi merah, segar",KZGPI-1990,"84,4",48,3,"0,3","10,8","1,4","1,5",80,81,"6,4","32,8","517,3",0,"0,4",0,5453,4697,"0,1","0,2","1,2",27,75,D,DR,S,Sayur,tkpi_main_group,"daun ubi merah, segar",daun ubi merah,daun ubi merah,1 gelas,100,False,False,False,False
DR080,"Daun ubi putih, segar",KZGMI-2001,"87,5",46,"2,8","0,2","8,2","4,8","1,3",120,50,"0,8",10,0,"0,2","0,5",,103,,"0,3","0,3","0,9",8,75,D,DR,S,Sayur,tkpi_main_group,"daun ubi putih, segar",daun ubi putih,daun ubi putih,1 gelas,100,False,False,False,False
DR081,"Daun ubi tinta, segar",KZGMI-2001,"85,1",55,"1,7","0,1","11,9","7,6","1,2",120,40,"0,6",10,0,"0,2","0,5",,516,,"0,2",0,0,7,75,D,DR,S,Sayur,tkpi_main_group,"daun ubi tinta, segar",daun ubi tinta,daun ubi tinta,1 gelas,100,False,False,False,False
DR082,"Eceng, segar",DABM-1964,93,19,1,"0,2","3,8","1,8",2,80,45,"3,7","44,8","634,1",,,,7,1000,"0,08","0,1","0,7",50,70,D,DR,S,Sayur,tkpi_main_group,"eceng, segar",eceng,eceng,1 gelas,100,False,False,False,False
DR083,"Gambas (oyong), segar",DABM-1964,"94,5",19,"0,8","0,2","4,1","1,3","0,4",19,33,"0,9","22,9","109,1",0,"0,1",,17,380,"0,03",0,"0,4",8,85,D,DR,S,Sayur,tkpi_main_group,"gambas (oyong), segar",gambas (oyong),gambas (oyong),1 gelas,100,False,False,False,False
DR084,"Genjer, segar",DABM-1964,90,35,"1,7","0,2","7,7","2,5","0,4",62,33,"2,1",64,"905,8",,,,,3800,"0,07","0,1","1,1",54,70,D,DR,S,Sayur,tkpi_main_group,"genjer, segar",genjer,genjer,1 gelas,100,False,False,False,False
DR085,"Jagung muda/ semi, segar",DABM-1964,"89,5",35,"2,2","0,1","7,4","1,9","0,8",7,100,"0,5",353,"230,2","0,1","0,8",0,23,200,"0,08","0,16","0,9",8,100,D,DR,S,Sayur,tkpi_main_group,"jagung muda/ semi, segar",jagung muda semi,jagung muda semi,1 gelas,100,False,False,False,False
DR092,"Jantung pisang, segar",DABM-1964,"90,2",32,"1,2","0,3","7,1","3,2","1,2",30,50,"0,1",3,524,"0,09","0,3",0,201,170,"0,05","0,03","0,8",10,25,D,DR,S,Sayur,tkpi_main_group,"jantung pisang, segar",jantung pisang,jantung pisang,1 gelas,100,False,False,False,False
DR093,"Jengkol, segar",KZGMI-2001,"52,7",192,"5,4","0,3","40,7","1,5","0,9",4,150,"0,7",60,241,"0,3","0,6",,,,"0,05","0,2","0,5",31,95,D,DR,S,Sayur,tkpi_main_group,"jengkol, segar",jengkol,jengkol,1 gelas,100,False,False,False,False
DR094,"Jotang, segar",DABM-1964,89,34,"1,9","0,3","7,1","3,5","1,7",162,41,4,"58,5","388,5","0,3","1,2",,2,3918,"0,03",,"0,4",20,70,D,DR,S,Sayur,tkpi_main_group,"jotang, segar",jotang,jotang,1 gelas,100,False,False,False,False
DR095,"Kabau, segar",KZGMI-2001,"67,2",130,"6,7","0,3","25,2","2,9","0,6",4,204,"0,5",1,"397,8","0,2","0,5",,165,,"0,8","0,1","0,3",16,95,D,DR,S,Sayur,tkpi_main_group,"kabau, segar",kabau,kabau,1 gelas,100,False,False,False,False
DR096,"Kacang mekah, polong, segar",KZGPI-1990,"93,6",22,"1,1",1,"3,4","1,1","0,9",63,296,1,"2,2","69,2","0,3",,0,197,116,"0,02",,"0,4",0,91,D,DR,S,Sayur,tkpi_main_group,"kacang mekah, polong, segar","kacang mekah, polong","kacang mekah, polong",1 gelas,100,False,False,False,False
DR097,"Kacang panjang, segar",KZGMI-2001,"91,8",31,"2,3","0,1","5,3","2,7","0,5",60,64,"0,6",30,213,"0,1","0,5",0,125,,"0,7","0,1","0,3",46,92,D,DR,S,Sayur,tkpi_main_group,"kacang panjang, segar",kacang panjang,kacang panjang,1 gelas,100,False,False,False,False
DR098,Kacang ranti polong,KZGPI-1990,"88,5",37,"3,1","0,2","7,9","2,5","0,3",103,126,"0,8",,,,,,,2312,"0,02",,,6,83,D,DR,S,Sayur,tkpi_main_group,kacang ranti polong,kacang ranti polong,kacang ranti polong,1 gelas,100,False,False,False,False
DR099,"Kalakai, segar",KZGMI-2001,"89,9",38,"2,4","0,2","6,6","5,8","0,9",18,90,"1,1",7,443,"0,4","0,9",,44,,"0,3","0,1",,8,70,D,DR,S,Sayur,tkpi_main_group,"kalakai, segar",kalakai,kalakai,1 gelas,100,False,False,False,False
DR100,"Kangkung, segar",KZGPI-1990,91,28,"3,4","0,7","3,9",2,1,67,54,"2,3","64,9","250,1","0,13","0,4",,2868,5542,"0,07","0,36",2,17,60,D,DR,S,Sayur,tkpi_main_group,"kangkung, segar",kangkung,kangkung,1 gelas,100,False,False,False,False
DR101,Kangkung tondano,KZGMI-2001,"88,5",43,"1,8","0,2","8,4","4,3","1,1",72,9,"0,7",30,361,"0,3","0,4",,2741,,"0,8","0,1","1,1",23,60,D,DR,S,Sayur,tkpi_main_group,kangkung tondano,kangkung tondano,kangkung tondano,1 gelas,100,False,False,False,False
DR102,"Kapri muda, segar",DABM-1964,"86,8",45,"3,3","0,2",9,"1,8","0,7",51,85,1,"1,7","118,4","0,09","0,7",,72,440,"0,2","0,1","0,9",49,80,D,DR,S,Sayur,tkpi_main_group,"kapri muda, segar",kapri muda,kapri muda,1 gelas,100,False,False,False,False
DR103,Karawila,KZGMI-2001,"93,7",25,"2,3","0,2","3,5","2,1","0,3",25,67,"0,3",8,"88,4","0,08","0,3",,21,,"0,1","0,1","0,4",39,80,D,DR,S,Sayur,tkpi_main_group,karawila,karawila,karawila,1 gelas,100,False,False,False,False
DR104,"Kecipir muda, segar",DABM-1964,"90,4",32,"2,9","0,2","5,8","5,5","0,7",63,37,"0,3","3,3","103,8","0,18","0,4",,261,595,"0,24","0,11","0,7",19,96,D,DR,S,Sayur,tkpi_main_group,"kecipir muda, segar",kecipir muda,kecipir muda,1 gelas,100,False,False,False,False
DR105,"Kecombrang, segar",KZGPI-1990,90,34,"0,9",1,"6,7","2,6","1,4",60,16,1,"47,1","650,6",,,0,0,73,0,"0,02","0,8",0,100,D,DR,S,Sayur,tkpi_main_group,"kecombrang, segar",kecombrang,kecombrang,1 gelas,100,False,False,False,False
DR106,"Kelawi, kluwih, segar",DABM-1964,70,118,"1,5","0,3","27,2",5,1,28,32,"0,9",2,"500,9","0,09","0,1",,0,20,"0,1","0,03","0,9",19,77,D,DR,S,Sayur,tkpi_main_group,"kelawi, kluwih, segar","kelawi, kluwih","kelawi, kluwih",1 gelas,100,False,False,False,False
DR107,"Kembang turi, segar",DABM-1964,"87,4",51,"1,8","0,6","9,6",5,"0,6",23,29,"0,9","22,4","275,3","0,15","0,9",,201,105,"0,13","0,12","0,6",41,83,D,DR,S,Sayur,tkpi_main_group,"kembang turi, segar",kembang turi,kembang turi,1 gelas,100,False,False,False,False
DR108,"Kerokot, segar",DABM-1964,93,26,"1,7","0,4","3,8",1,"1,1",103,39,"3,6","3,6","240,5","0,23","0,9",,0,2550,"0,03","0,09","0,2",25,80,D,DR,S,Sayur,tkpi_main_group,"kerokot, segar",kerokot,kerokot,1 gelas,100,False,False,False,False
DR109,"Ketimun, segar",KZGPI-1990,"97,9",8,"0,2","0,2","1,4","0,3","0,3",29,95,"0,8","1,7","57,1","0,02","0,1",0,18,314,"0,01","0,02","0,1",1,55,D,DR,S,Sayur,tkpi_main_group,"ketimun, segar",ketimun,ketimun,1 gelas,100,False,False,False,False
DR110,"Ketimun krai, segar",KZGPI-1990,"96,8",10,"0,5","0,2",2,"0,6","0,5",20,98,1,"9,7","82,1","0,03","0,1",0,19,21,"0,02","0,03","0,1",3,82,D,DR,S,Sayur,tkpi_main_group,"ketimun krai, segar",ketimun krai,ketimun krai,1 gelas,100,False,False,False,False
DR112,"Komak, segar",KZGMI-2001,"74,3",99,"3,3","0,1","21,2","10,3","1,1",50,99,"13,1",15,567,"0,2","0,6",,5,,"0,2","0,19","0,1",,80,D,DR,S,Sayur,tkpi_main_group,"komak, segar",komak,komak,1 gelas,100,False,False,False,False
DR113,Kool kembang,DABM-1964,"91,7",25,"2,4","0,2","4,9","1,6","0,8",22,72,"1,1","46,5",187,"0,04","0,3",,24,90,"0,11","0,09","0,6",69,57,D,DR,S,Sayur,tkpi_main_group,kool kembang,kool kembang,kool kembang,1 gelas,100,False,False,False,False
DR114,"Kool merah,kool putih",DABM-1964,"92,4",29,"1,4","0,2","5,3","1,9","0,9",46,31,"0,5","28,3","236,8","0,29","0,3",,46,80,"0,06","0,07","0,3",50,75,D,DR,S,Sayur,tkpi_main_group,"kool merah,kool putih","kool merah,kool putih","kool merah,kool putih",1 gelas,100,False,False,False,False
DR115,"Koro kerupuk, polong",DABM-1964,"67,2",128,"8,3","0,7","22,1",,"1,7",17,12,"2,7",,,,,,,80,"0,11",,,31,68,D,DR,S,Sayur,tkpi_main_group,"koro kerupuk, polong","koro kerupuk, polong","koro kerupuk, polong",1 gelas,100,False,False,False,False
DR116,"Koro wedus, polong",DABM-1964,88,46,3,"0,3","7,9","3,3","0,8",56,47,"1,1",2,"249,3","0,09","0,4",,66,870,"0,09","0,09","0,5",17,70,D,DR,S,Sayur,tkpi_main_group,"koro wedus, polong","koro wedus, polong","koro wedus, polong",1 gelas,100,False,False,False,False
DR117,"Kucai, segar",DABM-1964,"86,3",45,"2,2","0,3","10,3","4,8","0,9",52,50,"1,1","21,4","439,5","0,11","0,5",,2685,40,"0,11","0,2","1,8",17,52,D,DR,S,Sayur,tkpi_main_group,"kucai, segar",kucai,kucai,1 gelas,100,False,False,False,False
DR118,"Kucai muda (lokio), segar",DABM-1964,86,42,"3,8","0,6","7,8","4,9","1,8",76,91,"2,5","21,8","449,1","0,11","0,5",,2744,500,"0,11","0,2","1,8",59,100,D,DR,S,Sayur,tkpi_main_group,"kucai muda (lokio), segar",kucai muda (lokio),kucai muda (lokio),1 gelas,100,False,False,False,False
DR119,Kulit melinjo,KZGPI-1990,"71,9",111,"4,5","1,1","20,7",5,"1,8",117,179,"2,6",,,,,0,,1267,"0,07",,,7,100,D,DR,S,Sayur,tkpi_main_group,kulit melinjo,kulit melinjo,kulit melinjo,1 gelas,100,False,False,False,False
DR120,"Kundur, segar",KZGMI-2001,94,22,"0,4","0,2","4,7","1,3","0,7",3,54,"0,5",2,200,"0,1","0,3",,7,,"0,1","0,03","0,4",1,57,D,DR,S,Sayur,tkpi_main_group,"kundur, segar",kundur,kundur,1 gelas,100,False,False,False,False
DR121,"Labu air, segar",DABM-1964,95,19,"0,6","0,2","3,8","0,6","0,4",12,18,"0,6","2,2","168,2","0,03","0,8",,11,70,"0,04","0,02","0,4",10,80,D,DR,S,Sayur,tkpi_main_group,"labu air, segar",labu air,labu air,1 gelas,100,False,False,False,False
DR122,"Labu kuning, segar",KZGMI-2001,"86,6",51,"1,7","0,5",10,"2,7","1,2",40,180,"0,7",280,220,"0,35","1,5",,1569,,"0,2",0,"0,1",2,74,D,DR,S,Sayur,tkpi_main_group,"labu kuning, segar",labu kuning,labu kuning,1 gelas,100,False,False,False,False
DR123,"Labu siam, segar",DABM-1964,"92,3",30,"0,6","0,1","6,7","6,2","0,3",14,25,"0,5","2,7","167,1","0,16",1,,48,20,"0,02",0,"0,6",18,83,D,DR,S,Sayur,tkpi_main_group,"labu siam, segar",labu siam,labu siam,1 gelas,100,False,False,False,False
DR124,"Labu waluh, segar",DABM-1964,"91,2",32,"1,1","0,1","6,6","0,5",1,45,64,"1,4",1,"356,2","0,13","0,3",,712,180,"0,08","0,12","0,6",52,77,D,DR,S,Sayur,tkpi_main_group,"labu waluh, segar",labu waluh,labu waluh,1 gelas,100,False,False,False,False
DR125,"Lantar, segar",KZGMI-2001,"91,2",34,"2,2","0,3","5,5","2,9","0,8",10,58,"0,4",3,155,"0,2","0,4",,38,,"0,3","0,07","0,4",4,,D,DR,S,Sayur,tkpi_main_group,"lantar, segar",lantar,lantar,1 gelas,100,False,False,False,False
DR126,"Lobak, segar",DABM-1964,"94,1",21,"0,9","0,1","4,2","1,4","0,7",35,26,"0,6","49,3","109,3","0,03","0,2",,0,10,"0,03","0,04","0,3",32,87,D,DR,S,Sayur,tkpi_main_group,"lobak, segar",lobak,lobak,1 gelas,100,False,False,False,False
DR127,"Lumai/Leunca, segar",KZGMI-2001,"90,5",38,"1,1","0,3","7,6",2,"0,5",7,55,1,2,,"0,1","0,3",,25,,"0,2","0,1","0,6",17,95,D,DR,S,Sayur,tkpi_main_group,"lumai/leunca, segar",lumai leunca,lumai leunca,1 gelas,100,False,False,False,False
DR128,"Melinjo, segar",DABM-1964,80,66,5,"0,7","13,3",,1,163,75,"2,8",,,,,,,1000,"0,1",,,100,60,D,DR,S,Sayur,tkpi_main_group,"melinjo, segar",melinjo,melinjo,1 gelas,100,False,False,False,False
DR129,Mostarda metan- sawi,KZGMI-2001,"91,4",33,"2,3","0,5","4,7","1,8","1,1",60,30,"3,1",20,100,"0,1","0,4",,1575,,"0,2","0,1","0,1",12,85,D,DR,S,Sayur,tkpi_main_group,mostarda metan- sawi,mostarda metan- sawi,mostarda metan- sawi,1 gelas,100,False,False,False,False
DR130,"Nangka muda, segar",DABM-1964,"85,4",57,2,"0,4","11,3","8,3","0,9",45,29,"0,5","1,1","246,5","0,04","0,1",,21,25,"0,07","0,06","0,7",9,80,D,DR,S,Sayur,tkpi_main_group,"nangka muda, segar",nangka muda,nangka muda,1 gelas,100,False,False,False,False
DR131,"Paria putih, segar",KZGPI-1990,"94,4",19,1,"0,4","3,6","1,3","0,6",31,65,"0,9","4,7","277,7","0,03","0,8",0,197,80,"0,18","0,04","0,4",58,80,D,DR,S,Sayur,tkpi_main_group,"paria putih, segar",paria putih,paria putih,1 gelas,100,False,False,False,False
DR132,"Pepare ular, segar",KZGMI-2001,"95,1",19,"0,6","0,1","3,9",1,"0,3",20,10,"0,4",130,30,"0,1","0,1",,69,,"0,1","0,1","0,1",9,97,D,DR,S,Sayur,tkpi_main_group,"pepare ular, segar",pepare ular,pepare ular,1 gelas,100,False,False,False,False
DR133,"Pepaya muda, segar",DABM-1964,"92,3",29,"2,1","0,1","4,9","2,1","0,6",50,16,"0,4","21,9","211,2","0,01",0,,0,50,"0,02","0,03","0,3",19,65,D,DR,S,Sayur,tkpi_main_group,"pepaya muda, segar",pepaya muda,pepaya muda,1 gelas,100,False,False,False,False
DR134,"Petai, segar",KZGMI-2001,"77,2",92,"5,4","1,1","15,2",2,"1,1",14,170,"1,6",55,221,"0,2","0,8",,114,,"0,8","0,1","6,1",34,36,D,DR,S,Sayur,tkpi_main_group,"petai, segar",petai,petai,1 gelas,100,False,False,False,False
DR135,"Peterseli, segar",DABM-1964,"83,9",53,"3,7",1,9,0,"2,4",193,84,"4,3","18,2","1125,6","0,2","1,4",,2940,8230,"0,11","0,29","0,7",193,95,D,DR,S,Sayur,tkpi_main_group,"peterseli, segar",peterseli,peterseli,1 gelas,100,False,False,False,False
DR136,"Pucuk lumai/daun leunca, segar",KZGMI-2001,91,33,"4,5","0,4","2,8",,"1,3",13,75,"2,9",2,0,"0,2","0,6",,,,"0,5","0,1",,41,70,D,DR,S,Sayur,tkpi_main_group,"pucuk lumai/daun leunca, segar",pucuk lumai daun leunca,pucuk lumai daun leunca,1 gelas,100,False,False,False,False
DR137,"Putri malu, segar",KZGMI-2001,"80,2",76,"3,6","0,3","14,6","7,1","1,3",119,84,"3,3",1,631,"0,6","1,4",,4762,,"0,6","0,6",,6,,D,DR,S,Sayur,tkpi_main_group,"putri malu, segar",putri malu,putri malu,1 gelas,100,False,False,False,False
DR138,"Rebung, segar",KZGMI-2001,"93,3",25,"0,8","0,1","5,3","9,7","0,5",3,5,"0,5",3,206,"0,1","0,4",,10,,"0,2","0,07","0,5",0,28,D,DR,S,Sayur,tkpi_main_group,"rebung, segar",rebung,rebung,1 gelas,100,False,False,False,False
DR139,"Rimbang, segar",KZGMI-2001,"80,8",75,"1,6","0,6","15,8",10,"1,2",55,97,"0,6",20,234,"0,4","0,4",,51,,"0,4","0,1","1,3",38,95,D,DR,S,Sayur,tkpi_main_group,"rimbang, segar",rimbang,rimbang,1 gelas,100,False,False,False,False
DR140,Rumput laut,KZGMI-2001,87,41,"1,4","0,3","8,1","2,2","3,2",80,20,"1,6",250,380,"0,2","0,4",,1958,,"0,2",0,"0,1",7,100,D,DR,S,Sayur,tkpi_main_group,rumput laut,rumput laut,rumput laut,1 gelas,100,False,False,False,False
DR141,"Sawi, segar",DABM-1964,"92,2",28,"2,3","0,3",4,"2,5","1,2",220,38,"2,9","21,9","436,5","0,12","0,2",,2042,6460,"0,09","0,23","0,7",102,87,D,DR,S,Sayur,tkpi_main_group,"sawi, segar",sawi,sawi,1 gelas,100,False,False,False,False
DR142,"Sawi putih/ pecai, segar",KZGPI-1990,"96,6",9,1,"0,1","1,7","0,8","0,6",56,42,"1,1",5,"193,1","0,05","0,1",0,862,832,"0,05","0,18","0,4",3,79,D,DR,S,Sayur,tkpi_main_group,"sawi putih/ pecai, segar",sawi putih pecai,sawi putih pecai,1 gelas,100,False,False,False,False
DR143,"Sawi taiwan, segar",KZGMI-2001,"91,8",30,"1,9","0,5","4,4","2,7","1,4",100,58,"1,6",27,217,"0,1","0,7",,1340,,"0,2","0,1","0,6",33,85,D,DR,S,Sayur,tkpi_main_group,"sawi taiwan, segar",sawi taiwan,sawi taiwan,1 gelas,100,False,False,False,False
DR144,"Sawi tanah, segar",KZGMI-2001,"94,9",19,"1,3","0,2","2,9","2,2",1,92,45,"1,2",17,145,"0,1","0,4",,815,,"0,2","0,1","0,1",36,85,D,DR,S,Sayur,tkpi_main_group,"sawi tanah, segar",sawi tanah,sawi tanah,1 gelas,100,False,False,False,False
DR145,"Selada, segar",DABM-1964,"94,8",18,"1,2","0,2","2,9","1,8","0,9",22,25,"0,5","18,6","186,4","0,03","0,2",,1526,540,"0,04","0,13","0,4",8,69,D,DR,S,Sayur,tkpi_main_group,"selada, segar",selada,selada,1 gelas,100,False,False,False,False
DR146,"Selada air, segar",KZGPI-1990,"93,3",17,"3,1","0,2","2,2","0,7","1,2",95,152,"2,4","64,9","260,7","0,11","0,2",0,1230,3727,"0,09","0,14","0,7",56,70,D,DR,S,Sayur,tkpi_main_group,"selada air, segar",selada air,selada air,1 gelas,100,False,False,False,False
DR147,"Seledri, segar",DABM-1964,93,23,1,"0,1","4,6",2,"1,3",50,40,1,"64,5","258,8","0,08","0,4",,63,130,"0,03","0,07","0,4",11,63,D,DR,S,Sayur,tkpi_main_group,"seledri, segar",seledri,seledri,1 gelas,100,False,False,False,False
DR148,"Taoge, segar",KZGPI-1990,"90,4",34,"3,7","1,2","4,3","1,1","0,4",166,74,"0,8","18,9","93,3","0,16","0,4",,41,20,"0,09","0,15","1,1",5,100,D,DR,S,Sayur,tkpi_main_group,"taoge, segar",taoge,taoge,1 gelas,100,False,False,False,False
DR149,"Taoge kacang kedelai, segar",DABM-1964,81,76,9,"2,6","6,4","0,7",1,50,65,1,"4,7","212,4","0,26","0,7",,0,110,"0,23","0,19","1,2",15,100,D,DR,S,Sayur,tkpi_main_group,"taoge kacang kedelai, segar",taoge kacang kedelai,taoge kacang kedelai,1 gelas,100,False,False,False,False
DR150,"Taoge kacang tunggak, segar",DABM-1964,88,40,5,"0,2","5,8","2,6",1,57,88,1,"2,1","226,8","0,07","0,5",,299,0,"0,07","0,08","0,8",15,90,D,DR,S,Sayur,tkpi_main_group,"taoge kacang tunggak, segar",taoge kacang tunggak,taoge kacang tunggak,1 gelas,100,False,False,False,False
DR151,"Tebu terubuk (lilin), segar",DABM-1964,91,30,"4,6","0,4",3,"0,8",1,40,80,2,"698,6",,"0,2","1,1",,12,0,"0,08","0,2","1,2",50,20,D,DR,S,Sayur,tkpi_main_group,"tebu terubuk (lilin), segar",tebu terubuk (lilin),tebu terubuk (lilin),1 gelas,100,False,False,False,False
DR152,"Tekokak, segar",DABM-1964,89,34,2,"0,1","7,9","4,9",1,50,30,2,"2,9","333,3","0,12","0,2",,23,750,"0,08","0,05","0,9",8,95,D,DR,S,Sayur,tkpi_main_group,"tekokak, segar",tekokak,tekokak,1 gelas,100,False,False,False,False
DR153,"Tekokak, kering",DABM-1964,"12,3",302,"8,3","1,7","72,6","21,2","8,1",370,180,"22,2","8,5",0,"1044,2",1,,187,750,"0,4","0,17","5,1",0,100,D,DR,S,Sayur,tkpi_main_group,"tekokak, kering","tekokak, kering","tekokak, kering",1 gelas,100,False,False,False,False
DR154,"Terong, segar",DABM-1964,"92,7",28,"1,1","0,2","5,5","2,1","0,5",15,37,"0,4","8,9",187,"0,1","0,1",,46,30,"0,04","0,03","0,5",5,100,D,DR,S,Sayur,tkpi_main_group,"terong, segar",terong,terong,1 gelas,100,False,False,False,False
DR155,"Terong asam, segar",KZGMI-2001,"90,5",37,2,"0,4","6,3","3,2","0,8",13,59,"1,5",3,155,"0,3","0,3",,97,,"0,2","0,1","0,8",4,,D,DR,S,Sayur,tkpi_main_group,"terong asam, segar",terong asam,terong asam,1 gelas,100,False,False,False,False
DR156,"Terung belanda, segar",KZGPI-1990,"87,3",52,"2,1","1,1","8,6","1,4",1,16,40,"1,1",,,,,0,,8048,"0,42","0,06",0,12,100,D,DR,S,Sayur,tkpi_main_group,"terung belanda, segar",terung belanda,terung belanda,1 gelas,100,False,False,False,False
DR157,"Terung bengkulu, segar",KZGPI-1990,"86,6",52,"1,1","0,4","11,2","3,2","0,8",19,39,"1,1","13,7",,"0,16",1,0,85,600,"0,23","0,04",0,6,100,D,DR,S,Sayur,tkpi_main_group,"terung bengkulu, segar",terung bengkulu,terung bengkulu,1 gelas,100,False,False,False,False
DR158,"Terong hintalo, segar",KZGMI-2001,"89,2",45,"1,9","0,8","7,5","5,1","0,6",19,268,1,167,142,"0,6","0,2",,552,,"0,2","0,4",,4,,D,DR,S,Sayur,tkpi_main_group,"terong hintalo, segar",terong hintalo,terong hintalo,1 gelas,100,False,False,False,False
DR159,Terung panjang,KZGPI-1990,"91,8",25,"2,1","0,1","5,3","0,5","0,7",38,24,"0,7","8,8","53,7","0,09","0,2",0,83,24,"0,15","0,06","0,7",8,100,D,DR,S,Sayur,tkpi_main_group,terung panjang,terung panjang,terung panjang,1 gelas,100,False,False,False,False
DR160,"Tomat, air (sari), segar",DABM-1964,94,20,1,"0,2","3,5","0,4","1,3",7,15,"0,4","9,8","225,2","0,06","0,1",,266,600,"0,05","0,03","0,7",10,100,D,DR,S,Sayur,tkpi_main_group,"tomat, air (sari), segar","tomat, air (sari)","tomat, air (sari)",1 gelas,100,False,False,False,False
DR161,"Tomat merah, segar",KZGPI-1990,"92,9",24,"1,3","0,5","4,7","1,5","0,6",8,77,"0,6","9,8","164,9","0,14","0,2",,575,2083,"0,06","0,07","0,4",34,100,D,DR,S,Sayur,tkpi_main_group,"tomat merah, segar",tomat merah,tomat merah,1 gelas,100,False,False,False,False
DR162,"Tomat muda, segar",DABM-1964,93,24,2,"0,7","3,3","1,8",2,5,27,"0,5","10,3",210,"0,07","0,2",,384,320,"0,07","0,04","0,7",30,95,D,DR,S,Sayur,tkpi_main_group,"tomat muda, segar",tomat muda,tomat muda,1 gelas,100,False,False,False,False
DR163,"Uceng/ bunga melinjo, segar",KZGPI-1990,"79,5",82,"5,8","1,3","11,7","4,8","1,7",70,266,"2,4",,,,,,,58,"0,11","0,15",,3,89,D,DR,S,Sayur,tkpi_main_group,"uceng/ bunga melinjo, segar",uceng bunga melinjo,uceng bunga melinjo,1 gelas,100,False,False,False,False
DR164,"Umbut kelapa, segar",KZGMI-2001,"89,3",39,2,"0,2","7,2","2,5","1,3",57,49,,4,447,"0,2","1,4",,16,,"0,1","0,1",,8,,D,DR,S,Sayur,tkpi_main_group,"umbut kelapa, segar",umbut kelapa,umbut kelapa,1 gelas,100,False,False,False,False
DR165,Umbut rotan,KZGMI-2001,"90,5",34,"2,4","0,3","5,5","2,2","1,3",89,79,"1,3",8,552,"0,2","1,9",,14,,"0,2",,,9,,D,DR,S,Sayur,tkpi_main_group,umbut rotan,umbut rotan,umbut rotan,1 gelas,100,False,False,False,False
DR166,"Wortel, segar",KZGPI-1990,"89,9",36,1,"0,6","7,9",1,"0,6",45,74,1,70,245,"0,06","0,3",,3784,7125,"0,04","0,04",1,18,80,D,DR,S,Sayur,tkpi_main_group,"wortel, segar",wortel,wortel,1 gelas,100,False,False,False,False
ER006,"Belimbing, segar",DABM-1964,90,36,"0,4","0,4","8,8","3,2","0,4",4,12,"1,1",4,130,,"0,1",,29,170,"0,03",,,35,86,E,ER,B,Buah,tkpi_main_group,"belimbing, segar",belimbing,belimbing,1 buah besar,125-140,False,True,False,False
ER022,"Duku, segar",DABM-1964,82,63,1,"0,2","16,1","4,3","0,7",18,9,"0,9",2,149,"0,09","0,2",,0,0,"0,05","0,15","1,5",9,64,E,ER,B,Buah,tkpi_main_group,"duku, segar",duku,duku,10-16 buah sedang,80,False,True,False,False
ER023,"Durian, segar",DABM-1964,65,149,"2,5",3,"21,5","3,5",8,7,44,"1,3",1,601,"0,12","0,3",,146,175,"0,1","0,19","136,5",53,22,E,ER,B,Buah,tkpi_main_group,"durian, segar",durian,durian,2 biji besar,35,False,True,False,False
ER035,"Jeruk bali, segar",DABM-1964,86,48,"0,6","0,2","12,4","0,8","0,5",23,27,"0,5",21,"366,1","171,25","0,1",,33,20,"0,04",0,"0,4",43,62,E,ER,B,Buah,tkpi_main_group,"jeruk bali, segar",jeruk bali,jeruk bali,1 potong,105,False,True,False,False
ER039,"Jeruk manis, segar",DABM-1964,87,45,"0,9","0,2","11,2","1,4","0,5",33,23,"0,4",4,"472,1",160,"0,2",,0,190,"0,08","0,03","0,2",49,72,E,ER,B,Buah,tkpi_main_group,"jeruk manis, segar",jeruk manis,jeruk manis,2 buah sedang,100,False,True,False,False
ER040,"Jeruk nipis, segar",KZGPI- 1990,89,44,"0,5","0,2",10,"0,4","0,4",18,22,"0,2",3,"108,9","0,06","0,1",,23,4,"0,01","0,03","0,2",20,76,E,ER,B,Buah,tkpi_main_group,"jeruk nipis, segar",jeruk nipis,jeruk nipis,1 ½ gelas,135,False,True,False,False
ER044,"Kedondong, segar",KZGMI-2001,88,47,"0,5","0,2","10,4","2,7","0,6",7,58,"0,8",2,0,,"0,2",,,,,,"0,4",32,58,E,ER,B,Buah,tkpi_main_group,"kedondong, segar",kedondong,kedondong,2 buah sedang/besar,100/120,False,True,False,False
ER048,"Kesemek, segar",DABM-1964,78,78,"0,8","0,4",20,"0,6","0,6",6,26,"0,3",0,"34,5","0,13","0,1",,,2710,,,"0,1",11,97,E,ER,B,Buah,tkpi_main_group,"kesemek, segar",kesemek,kesemek,1 ½ buah,65,False,True,False,False
ER054,"Mangga, segar",KZGMI-2001,87,52,"0,7",0,"12,3","1,6","0,2",20,16,1,3,140,"0,33",0,,,,,,"0,3",12,65,E,ER,B,Buah,tkpi_main_group,"mangga, segar",mangga,mangga,¾ buah besar,90,False,True,False,False
ER064,"Manggis, segar",DABM-1964,83,63,"0,6","0,6","15,6","1,5","0,2",8,12,"0,8",10,"61,9","0,1","0,1",,0,0,"0,03","0,03","0,3",5,29,E,ER,B,Buah,tkpi_main_group,"manggis, segar",manggis,manggis,2 buah sedang,80,False,True,False,False
ER065,"Markisa, segar",KZGPI- 1990,65,144,"3,5","1,2","29,8","11,4","0,8",27,203,"1,4",37,"453,8","0,11","0,1",0,969,691,"0,02","0,17",2,10,48,E,ER,B,Buah,tkpi_main_group,"markisa, segar",markisa,markisa,¾ buah sedang,35,False,True,False,False
ER067,"Melon, segar",BKP,91,37,"0,6","0,4","7,8",1,"0,5",12,14,"0,4",27,167,"0,3","0,1",,1,0,"0,02","0,1",0,0,"58,1",E,ER,B,Buah,tkpi_main_group,"melon, segar",melon,melon,1 potong,90,False,True,False,False
ER073,"Pepaya, segar",DABM-1964,87,46,"0,5","0,1","12,2","1,6","0,6",23,12,"1,7",4,221,"0,02","0,3",,1038,365,"0,04","0,06","0,4",78,75,E,ER,B,Buah,tkpi_main_group,"pepaya, segar",pepaya,pepaya,1 potong besar,100-190,False,True,False,False
ER074,"Pisang ambon, segar",KZGMI-2001,73,108,1,"0,8","24,3","1,9",1,20,30,"0,2",10,"356,3","0,2","0,2",,37,,"0,05","0,11","0,1",9,75,E,ER,B,Buah,tkpi_main_group,"pisang ambon, segar",pisang ambon,pisang ambon,1 buah sedang,50,False,True,False,False
ER081,"Pisang kepok, segar",KZGMI-2001,72,109,"0,8","0,5","26,3","5,7",1,10,30,"0,5",10,300,"0,1","0,2",,0,,"0,1",0,"0,1",9,75,E,ER,B,Buah,tkpi_main_group,"pisang kepok, segar",pisang kepok,pisang kepok,1 buah,45,False,True,False,False
ER087,"Pisang mas, segar",DABM-1964,64,127,"1,4","0,2","33,6","1,4","0,6",7,25,"0,8",42,392,"195,78",,,17,,"0,09","0,08","4,5",2,85,E,ER,B,Buah,tkpi_main_group,"pisang mas, segar",pisang mas,pisang mas,2 buah,40,False,True,False,False
ER089,"Pisang raja, segar",DABM-1964,66,120,"1,2","0,2","31,8","5,3",1,10,22,"0,8",35,"582,2","0,31",,,53,,"0,06","0,14","1,2",10,70,E,ER,B,Buah,tkpi_main_group,"pisang raja, segar",pisang raja,pisang raja,2 buah kecil,40,False,True,False,False
ER097,"Rambutan, segar",DABM-1964,81,69,"0,9","0,1","18,1","0,8","0,4",16,16,"0,5",16,"104,2","0,17",,,0,,0,"0,07","0,5",58,40,E,ER,B,Buah,tkpi_main_group,"rambutan, segar",rambutan,rambutan,8 buah,75,False,True,False,False
ER101,"Salak, segar",DABM-1964,78,77,"0,4",,"20,9",,"0,7",28,18,"4,2",,,"0,08",,,4,,"0,04",,,2,93,E,ER,B,Buah,tkpi_main_group,"salak, segar",salak,salak,2 buah sedang,65,False,True,False,False
ER105,"Semangka, segar",DABM-1964,92,28,"0,5","0,2","6,9","0,4","0,3",7,12,"0,2",7,"93,8","0,04",,,315,,"0,05","0,05","0,3",6,46,E,ER,B,Buah,tkpi_main_group,"semangka, segar",semangka,semangka,2 potong sedang,180,False,True,False,False
ER106,"Sirsak, segar",DABM-1964,82,65,1,"0,3","16,3","3,2","0,7",14,27,"0,6",2,"298,9","0,08",1,,8,10,"0,07","0,08","0,7",20,68,E,ER,B,Buah,tkpi_main_group,"sirsak, segar",sirsak,sirsak,½ gelas,60,False,True,False,False
ER108,"Srikaya, segar",KZGPI- 1990,83,63,"1,1","0,5","13,9","2,1","1,1",127,30,"2,7",,,,,0,,31,"0,08",,,28,48,E,ER,B,Buah,tkpi_main_group,"srikaya, segar",srikaya,srikaya,2 buah besar,50,False,True,False,False
FR001,"Anak sapi, daging, gemuk, segar",DABM-1964,62,184,"18,8",14,0,0,"5,2",10,200,"2,2",118,"490,1","0,17","3,3",12,,,,,7,,100,F,FR,LH,Lauk Hewani,tkpi_main_group,"anak sapi, daging, gemuk, segar",daging sapi,"anak sapi, daging, gemuk",1 potong sedang,35,False,True,False,False
FR002,"Anak sapi, daging, kurus, segar",DABM-1964,69,174,"19,6",10,0,0,"1,4",11,201,"2,9",96,"399,8","0,14","2,7",6,,,,,"5,7",0,100,F,FR,LH,Lauk Hewani,tkpi_main_group,"anak sapi, daging, kurus, segar",daging sapi,"anak sapi, daging, kurus",1 potong sedang,35,False,True,False,False
FR003,"Anak sapi, daging, sedang, segar",DABM-1964,68,190,"19,1",12,0,0,"0,9",11,193,"2,9",99,"412,7","0,14","2,8",12,,,,,"5,9",0,100,F,FR,LH,Lauk Hewani,tkpi_main_group,"anak sapi, daging, sedang, segar",daging sapi,"anak sapi, daging, sedang",1 potong sedang,35,False,True,False,False
FR005,"Ayam, daging, segar",DABM-1964,"55,9",298,"18,2",25,0,0,"0,9",14,200,"1,5",109,"385,9","0,11","0,6",245,,,,,"10,4",0,58,F,FR,LH,Lauk Hewani,tkpi_main_group,"ayam, daging, segar",daging ayam,"ayam, daging",1 potong sedang,40,False,True,False,False
FR024,"Sapi, daging, gemuk, segar",DABM-1964,60,273,"17,5",22,0,0,"0,5",10,150,"2,6",93,267,"0,17","6,4",12,,,,,"7,3",0,100,F,FR,LH,Lauk Hewani,tkpi_main_group,"sapi, daging, gemuk, segar",daging sapi,"sapi, daging, gemuk",1 potong sedang,35,False,True,False,False
FR025,"Sapi, daging, kurus, segar",DABM-1964,69,174,"19,6",10,0,0,"1,4",11,181,"2,9",83,489,"0,07","4,9",6,,,,,"1,2",0,100,F,FR,LH,Lauk Hewani,tkpi_main_group,"sapi, daging, kurus, segar",daging sapi,"sapi, daging, kurus",1 potong sedang,35,False,True,False,False
FP005,Ham,DABM-1964,42,384,"16,9",35,"0,3",0,"5,8",10,136,"2,5",112,"819,3","0,11","0,4",0,,,,,"9,7",0,100,F,FP,LH,Lauk Hewani,tkpi_main_group,ham,ham,ham,1/2 potong kecil,40,True,True,False,False
GR001,"Belut, segar",KZGMI-2001,"81,5",70,"14,6","0,8",1,0,"2,1",49,155,"1,5",55,169,"0,2","1,2",,0,,"0,22","0,12","7,7",,,G,GR,LH,Lauk Hewani,tkpi_main_group,"belut, segar",belut,belut,3 ekor,45,False,True,False,False
GR003,"Cumi-cumi, segar",KZGPI- 1990,"82,2",75,"16,1","0,7","0,1",0,"0,9",32,200,"1,8",37,"204,1","1,6","1,3",0,20,0,"0,08",0,"2,5",0,,G,GR,LH,Lauk Hewani,tkpi_main_group,"cumi-cumi, segar",cumi-cumi,cumi-cumi,1 ekor kecil,45,False,True,False,False
GR030,"Ikan kakap, segar",DABM- 1964,77,92,20,"0,7",0,0,"2,3",20,200,1,,,,,9,,,"0,05",,,0,,G,GR,LH,Lauk Hewani,tkpi_main_group,"ikan kakap, segar",ikan kakap,ikan kakap,1/3 ekor besar,35,False,True,False,False
GR042,"Ikan lemuru, segar",DABM- 1964,76,112,20,3,0,0,1,20,100,1,,,,,30,0,,"0,05",,,0,80,G,GR,LH,Lauk Hewani,tkpi_main_group,"ikan lemuru, segar",ikan lemuru,ikan lemuru,1 potong sedang,35,False,True,False,False
GR046,"Ikan mas, segar",DABM- 1964,80,86,16,2,0,0,2,20,150,2,65,"276,7","0,1","1,1",45,8,,"0,05","0,1","2,6",0,80,G,GR,LH,Lauk Hewani,tkpi_main_group,"ikan mas, segar",ikan mas,ikan mas,1/3 ekor sedang,45,False,True,False,False
GR074,"Kerang, segar",KZGPI- 1990,"78,2",101,"14,4","2,6","3,9",0,"0,9",321,270,"15,6",,,,,0,,0,"0,01",,,0,100,G,GR,LH,Lauk Hewani,tkpi_main_group,"kerang, segar",kerang,kerang,1/2 gelas,90,False,True,False,False
GP009,"Ikan cakalang asin, mentah",KZGPI- 1990,"41,7",198,"36,5","2,2","5,5",0,"14,1",236,346,"3,7",4304,"302,1",,,0,,0,"0,06",,,0,70,G,GP,LH,Lauk Hewani,tkpi_main_group,"ikan cakalang asin, mentah",ikan cakalang asin,ikan cakalang asin,1 potong sedang,20,True,True,False,False
JR003,"Susu kambing, segar",DABM-1964,"85,9",64,"4,3","2,3","6,6",0,"0,9",98,78,"2,7",35,160,"0,33","0,1",38,0,,"0,06","0,45","0,3",1,100,J,JR,SS,Susu,tkpi_main_group,"susu kambing, segar",susu kambing,susu kambing,3/4 gelas,185,False,True,False,False
JR004,"Susu kerbau, segar",DABM-1964,"73,8",160,"6,3",12,"7,1",,"0,8",216,101,"0,2",82,,,"0,3",24,,,"0,04","0,07",,1,100,J,JR,SS,Susu,tkpi_main_group,"susu kerbau, segar",susu kerbau,susu kerbau,1/2 gelas,100,False,True,False,False
JR006,"Susu sapi, segar",DABM-1964,"88,3",61,"3,2","3,5","4,3",0,"0,7",143,60,"1,7",36,149,"0,02","0,3",39,12,,"0,03","0,18","0,2",1,100,J,JR,SS,Susu,tkpi_main_group,"susu sapi, segar",susu sapi,susu sapi,1 gelas,200,False,True,False,False
KR009,Minyak kacang tanah,DABM-1964,0,902,0,100,0,0,0,0,0,0,0,0,0,0,0,0,,0,0,0,0,100,K,KR,M,Minyak / Lemak,keyword_rule,minyak kacang tanah,minyak kacang tanah,minyak kacang tanah,1 sendok teh,5,False,True,False,False
KR010,Minyak kedelai,FCTEA-1972,"0,1",883,0,"99,9",0,0,0,0,0,0,0,"0,1",0,0,0,0,,0,0,0,0,100,K,KR,M,Minyak / Lemak,keyword_rule,minyak kedelai,minyak kedelai,minyak kedelai,1 sendok teh,5,False,True,False,False
KR011,Minyak kelapa,DABM-1964,0,870,1,98,0,0,1,0,0,0,0,0,0,0,0,0,,0,0,0,0,100,K,KR,M,Minyak / Lemak,keyword_rule,minyak kelapa,minyak kelapa,minyak kelapa,1 sendok teh,5,False,True,False,False
KR014,Minyak zaitun,DABM- 1964,0,884,0,100,0,0,0,14,0,"1,2",7,0,0,0,,0,,0,0,5,,100,K,KR,M,Minyak / Lemak,keyword_rule,minyak zaitun,minyak zaitun,minyak zaitun,1 sendok teh,5,False,True,False,False
KP002,Mentega,DABM- 1964,16,742,"0,5","81,6","1,4",0,"1,9",15,16,"1,1",653,103,0,"0,4",1000,155,,0,"0,1",0,,100,K,KP,M,Minyak / Lemak,keyword_rule,mentega,mentega,mentega,1sendok makan,15,True,True,False,False
MP006,Gula kelapa,DABM- 1964,10,386,3,10,76,0,1,76,37,"2,6",2,0,0,0,0,0,,0,"0,34","0,5",0,100,M,MP,G,Gula,keyword_rule,gula kelapa,gula kelapa,gula kelapa,1 sendok makan,10,True,True,False,False
MP010,Madu,DABM- 1964,20,294,"0,3",0,"79,5","0,2","0,2",5,16,"0,9",6,"26,9","0,04","0,2",0,0,,0,"0,04","0,1",4,100,M,MP,G,Gula,keyword_rule,madu,madu,madu,1 sendok makan,15,True,True,False,False
MP014,Sirup,DABM- 1964,44,213,0,0,55,0,1,0,0,0,3,"4,2",,,,0,,0,0,0,,100,M,MP,G,Gula,keyword_rule,sirup,sirup,sirup,1 sendok makan,15,True,True,False,False
