food_code,food_name,SUMBER,AIR (g),energy_kcal_100g,protein_g_100g,fat_g_100g,carb_g_100g,SERAT (g),ABU (g),calcium_mg_100g,FOSFOR (mg),BESI (mg),sodium_mg_100g,potassium_mg_100g,TEMBAGA (mg),SENG (mg),RETINOL (mcg),B-KAR (mcg),KAR-TOTAL (mcg),THIAMIN (mg),RIBOFLAVIN (mg),NIASIN (mg),VIT C (mg),bdd_percent,category_code,is_processed_code,keep_this_food,food_name_normalized,urt_food_name,urt_gram,urt,urt_gram_numeric,_merge,gram_per_portion,URT,match_type,is_usable_for_recommendation,energy_kcal_per_portion,protein_g_per_portion,fat_g_per_portion,carb_g_per_portion,gram_per_portion_urt,portion_source
AP005,nasi beras merah,KZGPI-1990,64.0,149,2.8,0.4,32.5,0.3,0.3,6,63,0.8,5,91.4,0,0.00,0,0,0,0.06,0,1.6,100,0,MP,True,True,nasi beras merah,Nasi Beras Giling Merah,100,3/4 Gelas,100.0,both,100.0,3/4 Gelas,normalized_urt,True,149.0,2.8,0.4,32.5,100.0,URT
BR013,"kentang, segar",KZGPI- 1990,"83,4",62,2.1,0.2,13.5,"0,5","0,8",63,58,"0,7",7,396,"0,4","0,3",0,0,0,"0,09","0,1",1,21,85,MP,False,True,kentang,Kentang,210,2 Buah Sedang,210.0,both,210.0,2 Buah Sedang,normalized_urt,True,130.2,4.41,0.42,28.35,210.0,URT
BR014,"kentang hitam, segar",DABM- 1964,64,142,0.9,0.4,33.7,"5,4",1,34,75,"0,2",22,"890,3","0,9","0,6",,0,,"0,02","0,1","2,2",38,75,MP,False,True,kentang hitam,Kentang Hitam,125,12 Biji,125.0,both,125.0,12 Biji,normalized_urt,True,177.5,1.125,0.5,42.125,125.0,URT
BR028,"ubi jalar, kuning, segar",KZGMI-2001,"72,6",119,0.5,0.4,25.1,"4,2",1,30,40,"0,4",3,1,"0,1","0,2",0,794,4948,"0,06","0,07","0,7",21,85,MP,False,True,ubi jalar kuning,Ubi Jalar Kuning,135,1 Biji Sedang,135.0,both,135.0,1 Biji Sedang,normalized_urt,True,160.65,0.675,0.54,33.885,135.0,URT
CR014,"kacang hijau, kering",KZGPI-1990,"15,5",323,22.9,1.5,56.8,"7,5","3,3",223,319,"7,5",42,"815,7","1,9","2,9",,156,223,"0,46","0,15","1,5",10,100,LN,False,True,kacang hijau,Kacang Hijau,25,2 Sendok Makan,25.0,both,25.0,2 Sendok Makan,normalized_urt,True,80.75,5.725,0.375,14.2,25.0,URT
CR017,"kacang kedelai, kering",KZGPI-1990,"12,7",381,40.4,16.7,24.9,"3,2","5,5",222,682,10,210,"713,4","1,58","3,9",,237,31,"0,52","0,12","1,2",,100,LN,False,True,kacang kedelai,Kacang Kedelai,25,2 Sendok Makan,25.0,both,25.0,2 Sendok Makan,normalized_urt,True,95.25,10.1,4.175,6.225,25.0,URT
CR018,"kacang kedelai, segar",DABM-1964,20,286,30.2,15.6,30.1,"2,9","4,1",196,506,"6,9",28,"870,9","1,24","3,6",,,95,"0,93","0,26","1,8",,100,LN,False,True,kacang kedelai,Kacang Kedelai,25,2 Sendok Makan,25.0,both,25.0,2 Sendok Makan,normalized_urt,True,71.5,7.55,3.9,7.525,25.0,URT
CR026,"kacang merah, kering",KZGPI- l990,"17,7",314,22.1,1.1,56.2,4,"2,9",502,429,"10,3",11,"1265,5","0,65","2,6",,129,,"0,4","0,72","2,2",,100,LN,False,True,kacang merah,Kacang Merah,25,2 Sendok Makan,25.0,both,25.0,2 Sendok Makan,normalized_urt,True,78.5,5.525,0.275,14.05,25.0,URT
CR027,"kacang merah, segar",KZGPI- l990,"57,2",171,11.0,2.2,28.0,"2,1","1,7",293,134,"3,7",7,"360,7","0,34","1,4",,0,10,"0,15","0,15","1,1",,100,LN,False,True,kacang merah,Kacang Merah,25,2 Sendok Makan,25.0,both,25.0,2 Sendok Makan,normalized_urt,True,42.75,2.75,0.55,7.0,25.0,URT
CP037,kembang tahu,KZGPI- 1990,"10,8",380,48.9,13.8,23.3,0,"3,2",378,781,"2,1",55,"455,3","0,68","4,2",,0,,"0,15","0,08","0,7",,100,LN,True,True,kembang tahu,Kembang Tahu,20,1 Lembar,20.0,both,20.0,1 Lembar,normalized_urt,True,76.0,9.78,2.76,4.66,20.0,URT
CP038,kembang tahu rebus,KZGPI- 1990,"79,8",90,10.7,4.0,4.7,,"0,8",85,,,,,,,,,,,,,,100,LN,True,True,kembang tahu,Kembang Tahu,20,1 Lembar,20.0,both,20.0,1 Lembar,normalized_urt,True,18.0,2.14,0.8,0.94,20.0,URT
CP061,"tahu, mentah",KZGPI- 1990,"82,2",80,10.9,4.7,0.8,"0,1","1,4",223,183,"3,4",2,"50,6","0,19","0,8",,118,,"0,01","0,08","0,1",,100,LN,True,True,tahu,Tahu,100,2 Potong Sedang,100.0,both,100.0,2 Potong Sedang,normalized_urt,True,80.0,10.9,4.7,0.8,100.0,URT
CP062,tahu goreng,KZGPI- 1990,"77,3",115,9.7,8.5,2.5,"0,1",2,229,200,"4,1",7,"68,2","0,09","1,3",,0,0,"0,01","0,24",0,0,100,LN,True,True,tahu,Tahu,100,2 Potong Sedang,100.0,both,100.0,2 Potong Sedang,normalized_urt,True,115.0,9.7,8.5,2.5,100.0,URT
DR001,"akar tonjong, segar",KZGPI-1990,"86,7",45,1.1,0.4,10.8,"1,2",1,72,125,"1,3","96,4","1147,1","0,02","0,2",0,83,90,"0,02","0,03","1,9",2,100,S,False,True,akar tonjong,,,,,left_only,100.0,1 porsi,category_standard_vegetable,True,45.0,1.1,0.4,10.8,100.0,URT
DR002,"ale,toge, segar",KZGPI-1990,"90,6",37,4.4,0.5,3.8,"1,7","0,7",50,248,2,"2,3",105,"0,16","0,4",0,0,35,"0,02","0,09","0,6",46,90,S,False,True,ale toge,,,,,left_only,100.0,1 porsi,category_standard_vegetable,True,37.0,4.4,0.5,3.8,100.0,URT
DR003,"andaliman, segar",KZGPI-1990,"74,2",99,4.6,1.0,18.0,"8,5","2,2",383,107,"2,9",,,,,0,,6300,3,,,15,100,S,False,True,andaliman,,,,,left_only,100.0,1 porsi,category_standard_vegetable,True,99.0,4.6,1.0,18.0,100.0,URT
DR004,"andewi, segar",DABM-1964,"91,8",226,1.6,0.2,5.3,"4,1","1,1",33,66,1,29,"414,6","0,13",1,,1717,,"0,14","0,09","0,5",10,80,S,False,True,andewi,,,,,left_only,100.0,1 porsi,category_standard_vegetable,True,226.0,1.6,0.2,5.3,100.0,URT
DR005,"bakung, segar",KZGMI-2001,"92,5",27,2.0,0.2,4.2,"3,8","1,1",19,20,"0,5",37,340,"0,2","0,3",,1080,,"0,2","0,1","0,3",42,100,S,False,True,bakung,,,,,left_only,100.0,1 porsi,category_standard_vegetable,True,27.0,2.0,0.2,4.2,100.0,URT
DR006,"baligo, segar",DABM-1964,"96,1",15,0.4,0.2,3.0,"0,4","0,3",19,19,"0,4","1,7","131,1","0,02","0,6",,0,,"0,04","0,02","0,3",13,69,S,False,True,baligo,,,,,left_only,100.0,1 porsi,category_standard_vegetable,True,15.0,0.4,0.2,3.0,100.0,URT
DR007,"bawang bombay, segar",DABM-1964,"87,5",43,1.4,0.2,10.3,2,"0,6",32,44,"0,5","12,2","9,6","0,1","0,3",,788,50,"0,03","0,21","0,4",9,94,S,False,True,bawang bombay,,,,,left_only,100.0,1 porsi,category_standard_vegetable,True,43.0,1.4,0.2,10.3,100.0,URT
DR008,"bayam, segar",KZGPI-1990,"94,5",16,0.9,0.4,2.9,"0,7","1,3",166,76,"3,5","15,8","456,4","0,13","0,4",,2699,2293,"0,04","0,1",1,41,71,S,False,True,bayam,,,,,left_only,100.0,1 porsi,category_standard_vegetable,True,16.0,0.9,0.4,2.9,100.0,URT
DR009,"bayam merah, segar",KZGMI-2001,"88,5",41,2.2,0.8,6.3,"2,2","2,2",520,80,7,20,60,"0,2","0,8",0,7325,,"0,2","0,1","0,1",62,71,S,False,True,bayam merah,,,,,left_only,100.0,1 porsi,category_standard_vegetable,True,41.0,2.2,0.8,6.3,100.0,URT
DR010,"bit, segar",DABM-1964,"87,6",41,1.6,0.1,9.6,"2,6","1,1",27,43,1,"28,5","404,9","0,2","0,7",,0,20,"0,02","0,05","0,3",10,75,S,False,True,bit,,,,,left_only,100.0,1 porsi,category_standard_vegetable,True,41.0,1.6,0.1,9.6,100.0,URT
DR011,buah kelor,KZGMI-2001,"89,5",38,1.5,0.2,7.5,"3,2","1,3",30,54,0,48,216,0,"0,2",,31,,"0,1","0,1","4,1",25,65,S,False,True,buah kelor,,,,,left_only,100.0,1 porsi,category_standard_vegetable,True,38.0,1.5,0.2,7.5,100.0,URT
DR012,buah merah,KZGMI-2001,"81,2",87,2.6,2.7,13.1,4,"0,4",30,1,"1,1",110,140,"0,1","0,3",0,0,,"1,5","0,1","0,2",15,100,S,False,True,buah merah,,,,,left_only,100.0,1 porsi,category_standard_vegetable,True,87.0,2.6,2.7,13.1,100.0,URT
DR013,"buncis, segar",KZGPI-1990,"89,6",34,2.4,0.3,7.2,"1,9","0,5",101,42,"0,7",8,250,"0,07","0,3",0,772,550,"0,05","0,4","2,8",11,90,S,False,True,buncis,,,,,left_only,100.0,1 porsi,category_standard_vegetable,True,34.0,2.4,0.3,7.2,100.0,URT
DR014,"bunga pepaya, segar",KZGPI-1990,"87,3",45,2.6,0.3,8.1,"1,6","1,7",290,113,"4,2","2,3","478,3","0,08","0,8",,2792,5,"0,01","0,28",1,23,100,S,False,True,bunga pepaya,,,,,left_only,100.0,1 porsi,category_standard_vegetable,True,45.0,2.6,0.3,8.1,100.0,URT
DR015,"bunga turi, segar",BKP,"90,4",42,2.0,1.1,6.1,"3,3","0,4",28,23,"0,8","28,6","97,4","0,1","0,6",,1200,0,"0,5","0,02","0,4",1,"96,1",S,False,True,bunga turi,,,,,left_only,100.0,1 porsi,category_standard_vegetable,True,42.0,2.0,1.1,6.1,100.0,URT
DR016,"caisin, segar",KZGPI-1990,"93,6",20,1.7,0.4,3.4,"1,2","0,9",123,40,"1,9",18,"358,2","0,05","1,4",,1675,4188,"0,04","0,19","0,6",3,100,S,False,True,caisin,,,,,left_only,100.0,1 porsi,category_standard_vegetable,True,20.0,1.7,0.4,3.4,100.0,URT
DR017,"daun bangun- bangun, segar",KZGPI-1990,"92,5",27,1.3,0.6,4.0,1,"1,6",279,40,"13,6","3,6",144,,,,1489,13288,"0,16","0,1",0,5,66,S,False,True,daun bangun bangun,,,,,left_only,100.0,1 porsi,category_standard_vegetable,True,27.0,1.3,0.6,4.0,100.0,URT
DR018,"daun bawang merah, segar",KZGMI-2001,"89,1",41,2.0,0.3,7.8,"2,1","0,8",60,40,"2,3",30,90,"0,1","0,3",0,218,,"0,1","0,1","0,2",11,67,S,False,True,daun bawang merah,,,,,left_only,100.0,1 porsi,category_standard_vegetable,True,41.0,2.0,0.3,7.8,100.0,URT
DR019,"daun bebuas, segar",KZGPI-1990,"87,9",41,2.7,1.0,7.3,"2,1","1,1",29,245,"1,5",,,,,0,,3099,"0,01",,,3,49,S,False,True,daun bebuas,,,,,left_only,100.0,1 porsi,category_standard_vegetable,True,41.0,2.7,1.0,7.3,100.0,URT
DR020,"daun belem, segar",KZGPI-1990,"84,6",50,4.4,1.4,7.8,"1,9","1,8",698,151,"7,5",,,,,0,,13072,"0,05",,,21,81,S,False,True,daun belem,,,,,left_only,100.0,1 porsi,category_standard_vegetable,True,50.0,4.4,1.4,7.8,100.0,URT
DR021,"daun bluntas, segar",DABM-1964,86,44,1.8,0.5,9.4,,"2,3",256,49,"5,6",,,,,,,3980,"0,02",,,30,65,S,False,True,daun bluntas,,,,,left_only,100.0,1 porsi,category_standard_vegetable,True,44.0,1.8,0.5,9.4,100.0,URT
DR022,"daun gandaria, segar",DABM-1964,81,63,3.1,0.3,14.0,"2,1","1,6",40,45,"4,7",3,"127,7",,,,503,600,"0,04","0,04","0,2",61,65,S,False,True,daun gandaria,,,,,left_only,100.0,1 porsi,category_standard_vegetable,True,63.0,3.1,0.3,14.0,100.0,URT
DR023,"daun gedi besar, segar",KZGMI-2001,84,58,2.9,0.7,10.0,"3,3","2,4",440,100,"1,9",30,40,"0,2","2,1",,596,,"0,4","0,5","2,8",11,65,S,False,True,daun gedi besar,,,,,left_only,100.0,1 porsi,category_standard_vegetable,True,58.0,2.9,0.7,10.0,100.0,URT
DR024,"daun gedi kecil, segar",KZGMI-2001,"83,7",61,3.2,0.7,10.4,"3,4",2,420,70,"1,7",20,50,"0,1","1,4",,607,,"0,4","0,3","2,9",11,65,S,False,True,daun gedi kecil,,,,,left_only,100.0,1 porsi,category_standard_vegetable,True,61.0,3.2,0.7,10.4,100.0,URT
DR025,"daun gelang, segar",KZGPI-1990,"90,3",30,1.3,0.7,5.8,"1,3","1,9",350,210,"11,9","4,7","333,3","0,31","1,2",0,4701,1954,"0,01","0,14","0,7",1,52,S,False,True,daun gelang,,,,,left_only,100.0,1 porsi,category_standard_vegetable,True,30.0,1.3,0.7,5.8,100.0,URT
DR026,"daun gunda bali, segar",KZGPI-1990,"86,4",50,4.6,0.9,7.0,"1,4","1,1",167,62,"0,5",,,,,0,,6571,"0,05",,,20,49,S,False,True,daun gunda bali,,,,,left_only,100.0,1 porsi,category_standard_vegetable,True,50.0,4.6,0.9,7.0,100.0,URT
DR027,"daun gunda serang, segar",KZGPI-1990,"84,6",62,4.2,0.9,9.2,"1,3","1,1",171,64,"0,6",,,,,0,,7347,"0,02",,,20,47,S,False,True,daun gunda serang,,,,,left_only,100.0,1 porsi,category_standard_vegetable,True,62.0,4.2,0.9,9.2,100.0,URT
DR030,"daun jawaw seluang, segar",KZGMI-2001,"77,2",93,5.0,1.3,15.3,"3,9","1,2",146,103,"5,3",2,434,"0,5","1,5",,,,"0,1","0,7",,9,,S,False,True,daun jawaw seluang,,,,,left_only,100.0,1 porsi,category_standard_vegetable,True,93.0,5.0,1.3,15.3,100.0,URT
DR031,"daun jonghe, segar",KZGPI-1990,"91,4",27,2.1,0.7,4.4,2,"1,4",253,192,"9,5",,,,,0,,5057,"0,01",,,1,45,S,False,True,daun jonghe,,,,,left_only,100.0,1 porsi,category_standard_vegetable,True,27.0,2.1,0.7,4.4,100.0,URT
DR032,"daun kacang ma, segar",KZGPI-1990,"89,1",36,2.9,0.6,6.8,"1,8","0,6",64,220,"2,2",7,"485,3","0,2","0,3",,2893,4377,"0,04","0,18","1,2",4,33,S,False,True,daun kacang ma,,,,,left_only,100.0,1 porsi,category_standard_vegetable,True,36.0,2.9,0.6,6.8,100.0,URT
DR033,"daun kacang panjang, segar",KZGPI-1990,"89,7",30,3.1,0.3,5.8,"1,7","1,1",200,66,"4,5",7,"458,6","0,2","0,3",0,2734,4592,"0,33","0,2","1,1",30,65,S,False,True,daun kacang panjang,,,,,left_only,100.0,1 porsi,category_standard_vegetable,True,30.0,3.1,0.3,5.8,100.0,URT
DR034,"daun kasbi/singkong karet, segar",KZGMI-2001,"80,3",92,4.0,3.6,10.9,"5,8","1,2",140,70,"1,6",70,90,"0,3","1,1",,9999,,"0,1","0,2","0,1",74,87,S,False,True,daun kasbi singkong karet,,,,,left_only,100.0,1 porsi,category_standard_vegetable,True,92.0,4.0,3.6,10.9,100.0,URT
DR035,"daun katuk, segar",KZGPI-1990,81,59,6.4,1.0,9.9,"1,5","1,7",233,98,"3,5","20,7","478,8","0,3","1,3",,9152,10020,0,"0,31","2,3",164,40,S,False,True,daun katuk,,,,,left_only,100.0,1 porsi,category_standard_vegetable,True,59.0,6.4,1.0,9.9,100.0,URT
DR036,"daun kecipir, segar",DABM-1964,85,52,5.0,0.5,8.5,,1,134,81,"6,2","5,8",114,"0,3","0,8",,3981,5240,"0,28","0,4","2,2",29,70,S,False,True,daun kecipir,,,,,left_only,100.0,1 porsi,category_standard_vegetable,True,52.0,5.0,0.5,8.5,100.0,URT
DR037,"daun kedondong, segar",DABM-1964,81,59,3.5,0.3,13.4,"10,7","1,8",540,82,"6,2","12,1",579,,,,1624,2900,"0,06","0,2","1,5",29,65,S,False,True,daun kedondong,,,,,left_only,100.0,1 porsi,category_standard_vegetable,True,59.0,3.5,0.3,13.4,100.0,URT
DR038,"daun kelor, segar",KZGMI-2001,"75,5",92,5.1,1.6,14.3,"8,2","3,5",1077,76,6,61,298,"0,1","0,6",,3266,,"0,3","0,1","4,2",22,65,S,False,True,daun kelor,,,,,left_only,100.0,1 porsi,category_standard_vegetable,True,92.0,5.1,1.6,14.3,100.0,URT
DR039,"daun kemang, segar",DABM-1964,85,43,5.5,0.3,7.5,"8,4","1,7",35,106,1,"9,5","457,1",,,,1282,1017,"0,06","0,1","1,2",30,65,S,False,True,daun kemang,,,,,left_only,100.0,1 porsi,category_standard_vegetable,True,43.0,5.5,0.3,7.5,100.0,URT
DR040,"daun kenikir, segar",BKP,"87,6",45,3.7,0.5,6.6,"5,8","1,7",328,65,"2,7","6,1",431,"0,1","0,6",,30200,12,"0,5","0,3","4,5",0,"36,3",S,False,True,daun kenikir,,,,,left_only,100.0,1 porsi,category_standard_vegetable,True,45.0,3.7,0.5,6.6,100.0,URT
DR041,"daun kesum, segar",KZGPI-1990,"84,8",48,4.5,0.8,9.1,"1,6","0,8",125,142,"2,6","10,8","174,7","0,4","1,2",0,4216,8715,"0,01","0,1","1,6",4,53,S,False,True,daun kesum,,,,,left_only,100.0,1 porsi,category_standard_vegetable,True,48.0,4.5,0.8,9.1,100.0,URT
DR042,"daun kol sawi, segar",KZGPI-1990,"93,1",22,2.1,0.5,3.6,"0,9","0,7",200,92,"3,2","19,4","386,2","0,1","0,2",0,1806,2177,"0,03","0,2","0,6",3,87,S,False,True,daun kol sawi,,,,,left_only,100.0,1 porsi,category_standard_vegetable,True,22.0,2.1,0.5,3.6,100.0,URT
DR043,"daun koro, segar",DABM-1964,91,23,3.0,0.3,3.7,,2,134,81,"6,2","3,5","68,4","0,2","0,5",,2386,5240,"0,28","0,2","1,3",29,65,S,False,True,daun koro,,,,,left_only,100.0,1 porsi,category_standard_vegetable,True,23.0,3.0,0.3,3.7,100.0,URT
DR044,"daun kubis, segar",KZGMI-2001,"86,2",51,2.5,1.1,8.0,"3,4","2,2",100,50,"3,4",50,100,"0,9","0,6",,9999,,"0,4","0,1","0,2",16,75,S,False,True,daun kubis,,,,,left_only,100.0,1 porsi,category_standard_vegetable,True,51.0,2.5,1.1,8.0,100.0,URT
DR045,"daun kumak, segar",KZGPI-1990,"95,2",14,1.3,0.3,2.3,"0,9","0,9",90,59,"2,7","1,9","36,5","0,1","0,3",,1274,2961,"0,01",0,"0,5",3,78,S,False,True,daun kumak,,,,,left_only,100.0,1 porsi,category_standard_vegetable,True,14.0,1.3,0.3,2.3,100.0,URT
DR046,"daun labu siam, segar",DABM-1964,"89,7",34,4.0,0.4,4.7,"3,5","1,2",58,70,"2,5","15,9","630,7","0,2","0,3",,4773,2025,"0,08","0,4","1,7",16,100,S,False,True,daun labu siam,,,,,left_only,100.0,1 porsi,category_standard_vegetable,True,34.0,4.0,0.4,4.7,100.0,URT
DR047,"daun labu waluh/kuning, segar",DABM-1964,"89,7",34,3.6,0.6,4.5,"2,9","1,6",138,99,"3,7","15,9","630,7","0,2","0,3",,1258,2750,"0,14","0,2","1,3",36,70,S,False,True,daun labu waluh kuning,,,,,left_only,100.0,1 porsi,category_standard_vegetable,True,34.0,3.6,0.6,4.5,100.0,URT
DR048,"daun lamtoro, segar",KZGPI-1990,74,87,8.3,1.8,14.4,"3,3","1,5",725,174,"3,9","10,1","197,7","0,5","1,4",0,6900,13040,0,"0,1","2,3",32,40,S,False,True,daun lamtoro,,,,,left_only,100.0,1 porsi,category_standard_vegetable,True,87.0,8.3,1.8,14.4,100.0,URT
DR049,"daun leilem, segar",KZGMI-2001,"79,4",76,2.8,0.2,15.8,"3,1","1,8",296,22,"3,4",6,46,"0,5","1,1",,753,,"0,3","0,1","2,5",22,90,S,False,True,daun leilem,,,,,left_only,100.0,1 porsi,category_standard_vegetable,True,76.0,2.8,0.2,15.8,100.0,URT
DR050,"daun leunca, segar",DABM-1964,85,49,4.7,0.5,8.1,,"1,7",210,80,"6,1",,,,,,,1900,"0,14",,,40,70,S,False,True,daun leunca,,,,,left_only,100.0,1 porsi,category_standard_vegetable,True,49.0,4.7,0.5,8.1,100.0,URT
DR051,"daun lobak, segar",DKBM-1964,90,30,2.3,0.4,5.8,"3,2","1,4",140,33,"3,7","15,8","747,4","0,2","0,2",,5039,1000,"0,07","1,1","6,5",109,70,S,False,True,daun lobak,,,,,left_only,100.0,1 porsi,category_standard_vegetable,True,30.0,2.3,0.4,5.8,100.0,URT
DR052,"daun lompong talas, segar",DABM-1964,"87,2",44,3.0,0.8,7.4,"3,3","1,6",76,59,1,"2,7","578,4","0,2","0,4",,2584,2000,"0,08","0,4","1,4",31,75,S,False,True,daun lompong talas,,,,,left_only,100.0,1 porsi,category_standard_vegetable,True,44.0,3.0,0.8,7.4,100.0,URT
DR053,"daun mangkokan, segar",DABM-1964,82,57,3.7,0.3,11.8,,"2,2",474,49,4,,,,,,,5450,"0,06",,,83,80,S,False,True,daun mangkokan,,,,,left_only,100.0,1 porsi,category_standard_vegetable,True,57.0,3.7,0.3,11.8,100.0,URT
DR054,"daun matel ambon, segar",KZGPI-1990,"77,1",71,6.8,1.6,11.5,"4,6",3,93,95,"10,2",,,,,0,,49,"0,08",,,26,100,S,False,True,daun matel ambon,,,,,left_only,100.0,1 porsi,category_standard_vegetable,True,71.0,6.8,1.6,11.5,100.0,URT
DR055,"daun melinjo, segar",DABM-1964,"70,8",104,5.0,1.3,21.3,"10,3","1,6",219,82,"4,2","12,2","604,8","0,4","0,6",,823,10000,"0,09",,,182,88,S,False,True,daun melinjo,,,,,left_only,100.0,1 porsi,category_standard_vegetable,True,104.0,5.0,1.3,21.3,100.0,URT
DR056,"daun mengkudu, segar",KZGPI-1990,"80,9",65,4.0,1.7,11.4,"3,9",2,296,40,"6,9",,,,,0,2,4958,"0,01","0,1","5,7",35,90,S,False,True,daun mengkudu,,,,,left_only,100.0,1 porsi,category_standard_vegetable,True,65.0,4.0,1.7,11.4,100.0,URT
DR057,"daun ndusuk, segar",KZGMI-2001,56,166,1.7,0.5,38.8,"10,7",3,40,20,"1,8",40,310,"0,2","0,7",,14457,,"0,4","0,1","0,1",30,,S,False,True,daun ndusuk,,,,,left_only,100.0,1 porsi,category_standard_vegetable,True,166.0,1.7,0.5,38.8,100.0,URT
DR058,"daun oyong, segar",DABM-1964,93,22,1.0,0.1,5.3,2,"0,6",21,44,2,"39,9","295,5","0,1","0,2",,855,1000,"0,08","0,1","0,8",150,65,S,False,True,daun oyong,,,,,left_only,100.0,1 porsi,category_standard_vegetable,True,22.0,1.0,0.1,5.3,100.0,URT
DR059,"daun pakis, segar",KZGPI-1990,"86,8",39,4.5,0.4,6.9,2,"1,4",136,159,"2,3","20,1","201,9","0,2","0,3",0,1625,3292,"0,02","0,1","0,5",3,70,S,False,True,daun pakis,,,,,left_only,100.0,1 porsi,category_standard_vegetable,True,39.0,4.5,0.4,6.9,100.0,URT
DR060,"daun pakis longgiho, segar",KZGMI-2001,"89,5",54,2.2,3.6,3.1,"2,1","1,6",40,80,"0,7",70,500,"0,4","0,1",,168,,"0,4","0,3","0,2",8,70,S,False,True,daun pakis longgiho,,,,,left_only,100.0,1 porsi,category_standard_vegetable,True,54.0,2.2,3.6,3.1,100.0,URT
DR061,"daun pakis wambateu, segar",KZGMI-2001,"86,9",53,3.4,1.2,7.2,"4,8","1,3",30,100,"0,3",20,200,"0,2","0,3",,191,,"0,7","0,2","0,3",6,70,S,False,True,daun pakis wambateu,,,,,left_only,100.0,1 porsi,category_standard_vegetable,True,53.0,3.4,1.2,7.2,100.0,URT
DR062,"daun paku, segar",KZGMI-2001,"88,8",29,3.4,0.1,6.5,"4,3","1,2",13,88,"1,3",19,434,"0,5","0,7",,18,,"0,2","0,1","11,7",10,70,S,False,True,daun paku,,,,,left_only,100.0,1 porsi,category_standard_vegetable,True,29.0,3.4,0.1,6.5,100.0,URT
DR063,"daun pangi,segar",KZGMI-2001,"76,1",104,3.9,0.6,17.9,"8,3","1,5",256,22,"1,8",4,266,"1,7","0,5",,55,,"0,4","0,1","0,1",23,90,S,False,True,daun pangi,,,,,left_only,100.0,1 porsi,category_standard_vegetable,True,104.0,3.9,0.6,17.9,100.0,URT
DR064,"daun pare, segar",KZGMI-2001,"87,3",49,2.7,1.0,8.4,3,"1,6",217,70,"3,3",7,498,"0,4","1,2",,1800,,"0,4","0,2","0,6",7,,S,False,True,daun pare,,,,,left_only,100.0,1 porsi,category_standard_vegetable,True,49.0,2.7,1.0,8.4,100.0,URT
DR065,"daun pepaya, segar",DABM-1964,"75,4",87,8.0,2.0,11.9,"1,5","2,7",353,63,"0,8","4,4","926,6","0,2","1,5",,5409,18250,"0,15","0,5","1,9",140,71,S,False,True,daun pepaya,,,,,left_only,100.0,1 porsi,category_standard_vegetable,True,87.0,8.0,2.0,11.9,100.0,URT
DR066,"daun pohpohan, segar",KZGPI-1990,"87,4",37,2.5,0.8,6.9,"2,6","2,4",744,80,"5,9",,,,,0,,7378,"0,03",,,5,69,S,False,True,daun pohpohan,,,,,left_only,100.0,1 porsi,category_standard_vegetable,True,37.0,2.5,0.8,6.9,100.0,URT
DR067,"daun selasih, segar",KZGMI-2001,"83,1",62,4.0,0.5,10.5,"5,3","1,9",122,16,"13,9",3,259,"0,4","0,7",0,4112,,"0,5","0,1","0,2",24,53,S,False,True,daun selasih,,,,,left_only,100.0,1 porsi,category_standard_vegetable,True,62.0,4.0,0.5,10.5,100.0,URT
DR068,"daun semanggi, segar",KZGPI-1990,"84,7",45,4.4,0.5,8.5,"1,9","1,9",98,90,7,"64,2","520,7","0,5","0,3",0,64,3365,"0,01","0,5","0,7",6,90,S,False,True,daun semanggi,,,,,left_only,100.0,1 porsi,category_standard_vegetable,True,45.0,4.4,0.5,8.5,100.0,URT
DR069,"daun simpur, segar",KZGPI-1990,"86,2",53,3.2,2.5,7.6,"1,6","0,9",228,194,"3,5",,,,,0,,3346,"0,02",,,5,100,S,False,True,daun simpur,,,,,left_only,100.0,1 porsi,category_standard_vegetable,True,53.0,3.2,2.5,7.6,100.0,URT
DR070,"daun singkil, segar",KZGPI-1990,"80,9",68,2.0,1.0,15.2,"3,3","0,9",178,86,"2,1",,,,,,,6042,"0,02",,,3,70,S,False,True,daun singkil,,,,,left_only,100.0,1 porsi,category_standard_vegetable,True,68.0,2.0,1.0,15.2,100.0,URT
DR071,"daun singkong, segar",KZGPI-1990,"84,4",50,6.2,1.1,7.1,"2,4","1,2",166,99,"1,3","16,5","23,1","0,1",2,0,3204,7052,"0,04","0,1","1,8",103,87,S,False,True,singkong daun,,,,,left_only,100.0,1 porsi,category_standard_vegetable,True,50.0,6.2,1.1,7.1,100.0,URT
DR072,"daun singkong ambon, segar",DABM-1964,58,144,12.7,1.2,25.2,"10,2","2,9",165,54,"3,9","44,4","62,2","0,2","5,4",,8627,13000,"0,21",1,"4,2",220,87,S,False,True,singkong daun ambon,,,,,left_only,100.0,1 porsi,category_standard_vegetable,True,144.0,12.7,1.2,25.2,100.0,URT
DR073,"daun singkong ampenan, segar",KZGMI-2001,"84,4",50,6.2,1.1,7.1,"2,4","1,2",352,123,"2,7",49,570,"0,2","1,3",,7917,,"0,5","0,1","1,6",103,87,S,False,True,singkong daun ampenan,,,,,left_only,100.0,1 porsi,category_standard_vegetable,True,50.0,6.2,1.1,7.1,100.0,URT
DR074,"daun singkong kopang, segar",KZGMI-2001,"81,1",74,6.3,0.7,10.7,"4,6","1,2",142,115,"1,7",32,382,"0,2","1,5",,3882,,"0,5","0,5","1,9",211,87,S,False,True,singkong daun kopang,,,,,left_only,100.0,1 porsi,category_standard_vegetable,True,74.0,6.3,0.7,10.7,100.0,URT
DR075,"daun sintrong, segar",KZGPI-1990,"88,5",36,2.6,0.9,6.1,"1,7","1,9",398,95,"9,3","64,1","444,4","0,1","0,4",0,10178,8868,"0,03","0,2","0,9",3,94,S,False,True,daun sintrong,,,,,left_only,100.0,1 porsi,category_standard_vegetable,True,36.0,2.6,0.9,6.1,100.0,URT
DR076,"daun talas, segar",KZGPI-1990,"81,1",59,3.0,0.4,13.5,3,2,236,50,"2,4",4,"854,1","0,4","0,5",0,3816,5740,"0,07","0,6",2,24,80,S,False,True,daun talas,,,,,left_only,100.0,1 porsi,category_standard_vegetable,True,59.0,3.0,0.4,13.5,100.0,URT
DR077,"daun tespong, segar",DABM-1964,81,70,2.9,0.3,13.9,"2,3","1,9",155,65,"2,5","72,4",,"0,15","0,9",,171,2500,"0,05","0,7","1,4",21,60,S,False,True,daun tespong,,,,,left_only,100.0,1 porsi,category_standard_vegetable,True,70.0,2.9,0.3,13.9,100.0,URT
DR078,"daun ubi kuning, segar",KZGMI-2001,"83,5",62,3.7,0.3,11.1,"6,4","1,4",170,40,"0,6",10,0,"0,2","0,5",,3564,,"0,3","0,3","1,2",4,75,S,False,True,daun ubi kuning,,,,,left_only,100.0,1 porsi,category_standard_vegetable,True,62.0,3.7,0.3,11.1,100.0,URT
DR079,"daun ubi merah, segar",KZGPI-1990,"84,4",48,3.0,0.3,10.8,"1,4","1,5",80,81,"6,4","32,8","517,3",0,"0,4",0,5453,4697,"0,1","0,2","1,2",27,75,S,False,True,daun ubi merah,,,,,left_only,100.0,1 porsi,category_standard_vegetable,True,48.0,3.0,0.3,10.8,100.0,URT
DR080,"daun ubi putih, segar",KZGMI-2001,"87,5",46,2.8,0.2,8.2,"4,8","1,3",120,50,"0,8",10,0,"0,2","0,5",,103,,"0,3","0,3","0,9",8,75,S,False,True,daun ubi putih,,,,,left_only,100.0,1 porsi,category_standard_vegetable,True,46.0,2.8,0.2,8.2,100.0,URT
DR081,"daun ubi tinta, segar",KZGMI-2001,"85,1",55,1.7,0.1,11.9,"7,6","1,2",120,40,"0,6",10,0,"0,2","0,5",,516,,"0,2",0,0,7,75,S,False,True,daun ubi tinta,,,,,left_only,100.0,1 porsi,category_standard_vegetable,True,55.0,1.7,0.1,11.9,100.0,URT
DR082,"eceng, segar",DABM-1964,93,19,1.0,0.2,3.8,"1,8",2,80,45,"3,7","44,8","634,1",,,,7,1000,"0,08","0,1","0,7",50,70,S,False,True,eceng,,,,,left_only,100.0,1 porsi,category_standard_vegetable,True,19.0,1.0,0.2,3.8,100.0,URT
DR083,"gambas (oyong), segar",DABM-1964,"94,5",19,0.8,0.2,4.1,"1,3","0,4",19,33,"0,9","22,9","109,1",0,"0,1",,17,380,"0,03",0,"0,4",8,85,S,False,True,gambas oyong,,,,,left_only,100.0,1 porsi,category_standard_vegetable,True,19.0,0.8,0.2,4.1,100.0,URT
DR084,"genjer, segar",DABM-1964,90,35,1.7,0.2,7.7,"2,5","0,4",62,33,"2,1",64,"905,8",,,,,3800,"0,07","0,1","1,1",54,70,S,False,True,genjer,,,,,left_only,100.0,1 porsi,category_standard_vegetable,True,35.0,1.7,0.2,7.7,100.0,URT
DR085,"jagung muda/ semi, segar",DABM-1964,"89,5",35,2.2,0.1,7.4,"1,9","0,8",7,100,"0,5",353,"230,2","0,1","0,8",0,23,200,"0,08","0,16","0,9",8,100,S,False,True,jagung muda semi,,,,,left_only,100.0,1 porsi,category_standard_vegetable,True,35.0,2.2,0.1,7.4,100.0,URT
DR092,"jantung pisang, segar",DABM-1964,"90,2",32,1.2,0.3,7.1,"3,2","1,2",30,50,"0,1",3,524,"0,09","0,3",0,201,170,"0,05","0,03","0,8",10,25,S,False,True,jantung pisang,,,,,left_only,100.0,1 porsi,category_standard_vegetable,True,32.0,1.2,0.3,7.1,100.0,URT
DR093,"jengkol, segar",KZGMI-2001,"52,7",192,5.4,0.3,40.7,"1,5","0,9",4,150,"0,7",60,241,"0,3","0,6",,,,"0,05","0,2","0,5",31,95,S,False,True,jengkol,,,,,left_only,100.0,1 porsi,category_standard_vegetable,True,192.0,5.4,0.3,40.7,100.0,URT
DR094,"jotang, segar",DABM-1964,89,34,1.9,0.3,7.1,"3,5","1,7",162,41,4,"58,5","388,5","0,3","1,2",,2,3918,"0,03",,"0,4",20,70,S,False,True,jotang,,,,,left_only,100.0,1 porsi,category_standard_vegetable,True,34.0,1.9,0.3,7.1,100.0,URT
DR095,"kabau, segar",KZGMI-2001,"67,2",130,6.7,0.3,25.2,"2,9","0,6",4,204,"0,5",1,"397,8","0,2","0,5",,165,,"0,8","0,1","0,3",16,95,S,False,True,kabau,,,,,left_only,100.0,1 porsi,category_standard_vegetable,True,130.0,6.7,0.3,25.2,100.0,URT
DR096,"kacang mekah, polong, segar",KZGPI-1990,"93,6",22,1.1,1.0,3.4,"1,1","0,9",63,296,1,"2,2","69,2","0,3",,0,197,116,"0,02",,"0,4",0,91,S,False,True,kacang mekah polong,,,,,left_only,100.0,1 porsi,category_standard_vegetable,True,22.0,1.1,1.0,3.4,100.0,URT
DR097,"kacang panjang, segar",KZGMI-2001,"91,8",31,2.3,0.1,5.3,"2,7","0,5",60,64,"0,6",30,213,"0,1","0,5",0,125,,"0,7","0,1","0,3",46,92,S,False,True,kacang panjang,,,,,left_only,100.0,1 porsi,category_standard_vegetable,True,31.0,2.3,0.1,5.3,100.0,URT
DR098,kacang ranti polong,KZGPI-1990,"88,5",37,3.1,0.2,7.9,"2,5","0,3",103,126,"0,8",,,,,,,2312,"0,02",,,6,83,S,False,True,kacang ranti polong,,,,,left_only,100.0,1 porsi,category_standard_vegetable,True,37.0,3.1,0.2,7.9,100.0,URT
DR099,"kalakai, segar",KZGMI-2001,"89,9",38,2.4,0.2,6.6,"5,8","0,9",18,90,"1,1",7,443,"0,4","0,9",,44,,"0,3","0,1",,8,70,S,False,True,kalakai,,,,,left_only,100.0,1 porsi,category_standard_vegetable,True,38.0,2.4,0.2,6.6,100.0,URT
DR100,"kangkung, segar",KZGPI-1990,91,28,3.4,0.7,3.9,2,1,67,54,"2,3","64,9","250,1","0,13","0,4",,2868,5542,"0,07","0,36",2,17,60,S,False,True,kangkung,,,,,left_only,100.0,1 porsi,category_standard_vegetable,True,28.0,3.4,0.7,3.9,100.0,URT
DR101,kangkung tondano,KZGMI-2001,"88,5",43,1.8,0.2,8.4,"4,3","1,1",72,9,"0,7",30,361,"0,3","0,4",,2741,,"0,8","0,1","1,1",23,60,S,False,True,kangkung tondano,,,,,left_only,100.0,1 porsi,category_standard_vegetable,True,43.0,1.8,0.2,8.4,100.0,URT
DR102,"kapri muda, segar",DABM-1964,"86,8",45,3.3,0.2,9.0,"1,8","0,7",51,85,1,"1,7","118,4","0,09","0,7",,72,440,"0,2","0,1","0,9",49,80,S,False,True,kapri muda,,,,,left_only,100.0,1 porsi,category_standard_vegetable,True,45.0,3.3,0.2,9.0,100.0,URT
DR103,karawila,KZGMI-2001,"93,7",25,2.3,0.2,3.5,"2,1","0,3",25,67,"0,3",8,"88,4","0,08","0,3",,21,,"0,1","0,1","0,4",39,80,S,False,True,karawila,,,,,left_only,100.0,1 porsi,category_standard_vegetable,True,25.0,2.3,0.2,3.5,100.0,URT
DR104,"kecipir muda, segar",DABM-1964,"90,4",32,2.9,0.2,5.8,"5,5","0,7",63,37,"0,3","3,3","103,8","0,18","0,4",,261,595,"0,24","0,11","0,7",19,96,S,False,True,kecipir muda,,,,,left_only,100.0,1 porsi,category_standard_vegetable,True,32.0,2.9,0.2,5.8,100.0,URT
DR105,"kecombrang, segar",KZGPI-1990,90,34,0.9,1.0,6.7,"2,6","1,4",60,16,1,"47,1","650,6",,,0,0,73,0,"0,02","0,8",0,100,S,False,True,kecombrang,,,,,left_only,100.0,1 porsi,category_standard_vegetable,True,34.0,0.9,1.0,6.7,100.0,URT
DR106,"kelawi, kluwih, segar",DABM-1964,70,118,1.5,0.3,27.2,5,1,28,32,"0,9",2,"500,9","0,09","0,1",,0,20,"0,1","0,03","0,9",19,77,S,False,True,kelawi kluwih,,,,,left_only,100.0,1 porsi,category_standard_vegetable,True,118.0,1.5,0.3,27.2,100.0,URT
DR107,"kembang turi, segar",DABM-1964,"87,4",51,1.8,0.6,9.6,5,"0,6",23,29,"0,9","22,4","275,3","0,15","0,9",,201,105,"0,13","0,12","0,6",41,83,S,False,True,kembang turi,,,,,left_only,100.0,1 porsi,category_standard_vegetable,True,51.0,1.8,0.6,9.6,100.0,URT
DR108,"kerokot, segar",DABM-1964,93,26,1.7,0.4,3.8,1,"1,1",103,39,"3,6","3,6","240,5","0,23","0,9",,0,2550,"0,03","0,09","0,2",25,80,S,False,True,kerokot,,,,,left_only,100.0,1 porsi,category_standard_vegetable,True,26.0,1.7,0.4,3.8,100.0,URT
DR109,"ketimun, segar",KZGPI-1990,"97,9",8,0.2,0.2,1.4,"0,3","0,3",29,95,"0,8","1,7","57,1","0,02","0,1",0,18,314,"0,01","0,02","0,1",1,55,S,False,True,ketimun,,,,,left_only,100.0,1 porsi,category_standard_vegetable,True,8.0,0.2,0.2,1.4,100.0,URT
DR110,"ketimun krai, segar",KZGPI-1990,"96,8",10,0.5,0.2,2.0,"0,6","0,5",20,98,1,"9,7","82,1","0,03","0,1",0,19,21,"0,02","0,03","0,1",3,82,S,False,True,ketimun krai,,,,,left_only,100.0,1 porsi,category_standard_vegetable,True,10.0,0.5,0.2,2.0,100.0,URT
DR112,"komak, segar",KZGMI-2001,"74,3",99,3.3,0.1,21.2,"10,3","1,1",50,99,"13,1",15,567,"0,2","0,6",,5,,"0,2","0,19","0,1",,80,S,False,True,komak,,,,,left_only,100.0,1 porsi,category_standard_vegetable,True,99.0,3.3,0.1,21.2,100.0,URT
DR113,kool kembang,DABM-1964,"91,7",25,2.4,0.2,4.9,"1,6","0,8",22,72,"1,1","46,5",187,"0,04","0,3",,24,90,"0,11","0,09","0,6",69,57,S,False,True,kool kembang,,,,,left_only,100.0,1 porsi,category_standard_vegetable,True,25.0,2.4,0.2,4.9,100.0,URT
DR114,"kool merah,kool putih",DABM-1964,"92,4",29,1.4,0.2,5.3,"1,9","0,9",46,31,"0,5","28,3","236,8","0,29","0,3",,46,80,"0,06","0,07","0,3",50,75,S,False,True,kool merah kool putih,,,,,left_only,100.0,1 porsi,category_standard_vegetable,True,29.0,1.4,0.2,5.3,100.0,URT
DR115,"koro kerupuk, polong",DABM-1964,"67,2",128,8.3,0.7,22.1,,"1,7",17,12,"2,7",,,,,,,80,"0,11",,,31,68,S,False,True,koro kerupuk polong,,,,,left_only,100.0,1 porsi,category_standard_vegetable,True,128.0,8.3,0.7,22.1,100.0,URT
DR116,"koro wedus, polong",DABM-1964,88,46,3.0,0.3,7.9,"3,3","0,8",56,47,"1,1",2,"249,3","0,09","0,4",,66,870,"0,09","0,09","0,5",17,70,S,False,True,koro wedus polong,,,,,left_only,100.0,1 porsi,category_standard_vegetable,True,46.0,3.0,0.3,7.9,100.0,URT
DR117,"kucai, segar",DABM-1964,"86,3",45,2.2,0.3,10.3,"4,8","0,9",52,50,"1,1","21,4","439,5","0,11","0,5",,2685,40,"0,11","0,2","1,8",17,52,S,False,True,kucai,,,,,left_only,100.0,1 porsi,category_standard_vegetable,True,45.0,2.2,0.3,10.3,100.0,URT
DR118,"kucai muda (lokio), segar",DABM-1964,86,42,3.8,0.6,7.8,"4,9","1,8",76,91,"2,5","21,8","449,1","0,11","0,5",,2744,500,"0,11","0,2","1,8",59,100,S,False,True,kucai muda lokio,,,,,left_only,100.0,1 porsi,category_standard_vegetable,True,42.0,3.8,0.6,7.8,100.0,URT
DR119,kulit melinjo,KZGPI-1990,"71,9",111,4.5,1.1,20.7,5,"1,8",117,179,"2,6",,,,,0,,1267,"0,07",,,7,100,S,False,True,kulit melinjo,,,,,left_only,100.0,1 porsi,category_standard_vegetable,True,111.0,4.5,1.1,20.7,100.0,URT
DR120,"kundur, segar",KZGMI-2001,94,22,0.4,0.2,4.7,"1,3","0,7",3,54,"0,5",2,200,"0,1","0,3",,7,,"0,1","0,03","0,4",1,57,S,False,True,kundur,,,,,left_only,100.0,1 porsi,category_standard_vegetable,True,22.0,0.4,0.2,4.7,100.0,URT
DR121,"labu air, segar",DABM-1964,95,19,0.6,0.2,3.8,"0,6","0,4",12,18,"0,6","2,2","168,2","0,03","0,8",,11,70,"0,04","0,02","0,4",10,80,S,False,True,labu air,,,,,left_only,100.0,1 porsi,category_standard_vegetable,True,19.0,0.6,0.2,3.8,100.0,URT
DR122,"labu kuning, segar",KZGMI-2001,"86,6",51,1.7,0.5,10.0,"2,7","1,2",40,180,"0,7",280,220,"0,35","1,5",,1569,,"0,2",0,"0,1",2,74,S,False,True,labu kuning,,,,,left_only,100.0,1 porsi,category_standard_vegetable,True,51.0,1.7,0.5,10.0,100.0,URT
DR123,"labu siam, segar",DABM-1964,"92,3",30,0.6,0.1,6.7,"6,2","0,3",14,25,"0,5","2,7","167,1","0,16",1,,48,20,"0,02",0,"0,6",18,83,S,False,True,labu siam,,,,,left_only,100.0,1 porsi,category_standard_vegetable,True,30.0,0.6,0.1,6.7,100.0,URT
DR124,"labu waluh, segar",DABM-1964,"91,2",32,1.1,0.1,6.6,"0,5",1,45,64,"1,4",1,"356,2","0,13","0,3",,712,180,"0,08","0,12","0,6",52,77,S,False,True,labu waluh,,,,,left_only,100.0,1 porsi,category_standard_vegetable,True,32.0,1.1,0.1,6.6,100.0,URT
DR125,"lantar, segar",KZGMI-2001,"91,2",34,2.2,0.3,5.5,"2,9","0,8",10,58,"0,4",3,155,"0,2","0,4",,38,,"0,3","0,07","0,4",4,,S,False,True,lantar,,,,,left_only,100.0,1 porsi,category_standard_vegetable,True,34.0,2.2,0.3,5.5,100.0,URT
DR126,"lobak, segar",DABM-1964,"94,1",21,0.9,0.1,4.2,"1,4","0,7",35,26,"0,6","49,3","109,3","0,03","0,2",,0,10,"0,03","0,04","0,3",32,87,S,False,True,lobak,,,,,left_only,100.0,1 porsi,category_standard_vegetable,True,21.0,0.9,0.1,4.2,100.0,URT
DR127,"lumai/leunca, segar",KZGMI-2001,"90,5",38,1.1,0.3,7.6,2,"0,5",7,55,1,2,,"0,1","0,3",,25,,"0,2","0,1","0,6",17,95,S,False,True,lumai leunca,,,,,left_only,100.0,1 porsi,category_standard_vegetable,True,38.0,1.1,0.3,7.6,100.0,URT
DR128,"melinjo, segar",DABM-1964,80,66,5.0,0.7,13.3,,1,163,75,"2,8",,,,,,,1000,"0,1",,,100,60,S,False,True,melinjo,,,,,left_only,100.0,1 porsi,category_standard_vegetable,True,66.0,5.0,0.7,13.3,100.0,URT
DR129,mostarda metan- sawi,KZGMI-2001,"91,4",33,2.3,0.5,4.7,"1,8","1,1",60,30,"3,1",20,100,"0,1","0,4",,1575,,"0,2","0,1","0,1",12,85,S,False,True,mostarda metan sawi,,,,,left_only,100.0,1 porsi,category_standard_vegetable,True,33.0,2.3,0.5,4.7,100.0,URT
DR130,"nangka muda, segar",DABM-1964,"85,4",57,2.0,0.4,11.3,"8,3","0,9",45,29,"0,5","1,1","246,5","0,04","0,1",,21,25,"0,07","0,06","0,7",9,80,S,False,True,nangka muda,,,,,left_only,100.0,1 porsi,category_standard_vegetable,True,57.0,2.0,0.4,11.3,100.0,URT
DR131,"paria putih, segar",KZGPI-1990,"94,4",19,1.0,0.4,3.6,"1,3","0,6",31,65,"0,9","4,7","277,7","0,03","0,8",0,197,80,"0,18","0,04","0,4",58,80,S,False,True,paria putih,,,,,left_only,100.0,1 porsi,category_standard_vegetable,True,19.0,1.0,0.4,3.6,100.0,URT
DR132,"pepare ular, segar",KZGMI-2001,"95,1",19,0.6,0.1,3.9,1,"0,3",20,10,"0,4",130,30,"0,1","0,1",,69,,"0,1","0,1","0,1",9,97,S,False,True,pepare ular,,,,,left_only,100.0,1 porsi,category_standard_vegetable,True,19.0,0.6,0.1,3.9,100.0,URT
DR133,"pepaya muda, segar",DABM-1964,"92,3",29,2.1,0.1,4.9,"2,1","0,6",50,16,"0,4","21,9","211,2","0,01",0,,0,50,"0,02","0,03","0,3",19,65,S,False,True,pepaya muda,,,,,left_only,100.0,1 porsi,category_standard_vegetable,True,29.0,2.1,0.1,4.9,100.0,URT
DR134,"petai, segar",KZGMI-2001,"77,2",92,5.4,1.1,15.2,2,"1,1",14,170,"1,6",55,221,"0,2","0,8",,114,,"0,8","0,1","6,1",34,36,S,False,True,petai,Petai Segar,20,1 Papan/Biji Besar,20.0,both,100.0,1 porsi,category_standard_vegetable,True,92.0,5.4,1.1,15.2,100.0,URT
DR135,"peterseli, segar",DABM-1964,"83,9",53,3.7,1.0,9.0,0,"2,4",193,84,"4,3","18,2","1125,6","0,2","1,4",,2940,8230,"0,11","0,29","0,7",193,95,S,False,True,peterseli,,,,,left_only,100.0,1 porsi,category_standard_vegetable,True,53.0,3.7,1.0,9.0,100.0,URT
DR136,"pucuk lumai/daun leunca, segar",KZGMI-2001,91,33,4.5,0.4,2.8,,"1,3",13,75,"2,9",2,0,"0,2","0,6",,,,"0,5","0,1",,41,70,S,False,True,pucuk lumai daun leunca,,,,,left_only,100.0,1 porsi,category_standard_vegetable,True,33.0,4.5,0.4,2.8,100.0,URT
DR137,"putri malu, segar",KZGMI-2001,"80,2",76,3.6,0.3,14.6,"7,1","1,3",119,84,"3,3",1,631,"0,6","1,4",,4762,,"0,6","0,6",,6,,S,False,True,putri malu,,,,,left_only,100.0,1 porsi,category_standard_vegetable,True,76.0,3.6,0.3,14.6,100.0,URT
DR138,"rebung, segar",KZGMI-2001,"93,3",25,0.8,0.1,5.3,"9,7","0,5",3,5,"0,5",3,206,"0,1","0,4",,10,,"0,2","0,07","0,5",0,28,S,False,True,rebung,,,,,left_only,100.0,1 porsi,category_standard_vegetable,True,25.0,0.8,0.1,5.3,100.0,URT
DR139,"rimbang, segar",KZGMI-2001,"80,8",75,1.6,0.6,15.8,10,"1,2",55,97,"0,6",20,234,"0,4","0,4",,51,,"0,4","0,1","1,3",38,95,S,False,True,rimbang,,,,,left_only,100.0,1 porsi,category_standard_vegetable,True,75.0,1.6,0.6,15.8,100.0,URT
DR140,rumput laut,KZGMI-2001,87,41,1.4,0.3,8.1,"2,2","3,2",80,20,"1,6",250,380,"0,2","0,4",,1958,,"0,2",0,"0,1",7,100,S,False,True,rumput laut,,,,,left_only,100.0,1 porsi,category_standard_vegetable,True,41.0,1.4,0.3,8.1,100.0,URT
DR141,"sawi, segar",DABM-1964,"92,2",28,2.3,0.3,4.0,"2,5","1,2",220,38,"2,9","21,9","436,5","0,12","0,2",,2042,6460,"0,09","0,23","0,7",102,87,S,False,True,sawi,,,,,left_only,100.0,1 porsi,category_standard_vegetable,True,28.0,2.3,0.3,4.0,100.0,URT
DR142,"sawi putih/ pecai, segar",KZGPI-1990,"96,6",9,1.0,0.1,1.7,"0,8","0,6",56,42,"1,1",5,"193,1","0,05","0,1",0,862,832,"0,05","0,18","0,4",3,79,S,False,True,sawi putih pecai,,,,,left_only,100.0,1 porsi,category_standard_vegetable,True,9.0,1.0,0.1,1.7,100.0,URT
DR143,"sawi taiwan, segar",KZGMI-2001,"91,8",30,1.9,0.5,4.4,"2,7","1,4",100,58,"1,6",27,217,"0,1","0,7",,1340,,"0,2","0,1","0,6",33,85,S,False,True,sawi taiwan,,,,,left_only,100.0,1 porsi,category_standard_vegetable,True,30.0,1.9,0.5,4.4,100.0,URT
DR144,"sawi tanah, segar",KZGMI-2001,"94,9",19,1.3,0.2,2.9,"2,2",1,92,45,"1,2",17,145,"0,1","0,4",,815,,"0,2","0,1","0,1",36,85,S,False,True,sawi tanah,,,,,left_only,100.0,1 porsi,category_standard_vegetable,True,19.0,1.3,0.2,2.9,100.0,URT
DR145,"selada, segar",DABM-1964,"94,8",18,1.2,0.2,2.9,"1,8","0,9",22,25,"0,5","18,6","186,4","0,03","0,2",,1526,540,"0,04","0,13","0,4",8,69,S,False,True,selada,,,,,left_only,100.0,1 porsi,category_standard_vegetable,True,18.0,1.2,0.2,2.9,100.0,URT
DR146,"selada air, segar",KZGPI-1990,"93,3",17,3.1,0.2,2.2,"0,7","1,2",95,152,"2,4","64,9","260,7","0,11","0,2",0,1230,3727,"0,09","0,14","0,7",56,70,S,False,True,selada air,,,,,left_only,100.0,1 porsi,category_standard_vegetable,True,17.0,3.1,0.2,2.2,100.0,URT
DR147,"seledri, segar",DABM-1964,93,23,1.0,0.1,4.6,2,"1,3",50,40,1,"64,5","258,8","0,08","0,4",,63,130,"0,03","0,07","0,4",11,63,S,False,True,seledri,,,,,left_only,100.0,1 porsi,category_standard_vegetable,True,23.0,1.0,0.1,4.6,100.0,URT
DR148,"taoge, segar",KZGPI-1990,"90,4",34,3.7,1.2,4.3,"1,1","0,4",166,74,"0,8","18,9","93,3","0,16","0,4",,41,20,"0,09","0,15","1,1",5,100,S,False,True,taoge,,,,,left_only,100.0,1 porsi,category_standard_vegetable,True,34.0,3.7,1.2,4.3,100.0,URT
DR149,"taoge kacang kedelai, segar",DABM-1964,81,76,9.0,2.6,6.4,"0,7",1,50,65,1,"4,7","212,4","0,26","0,7",,0,110,"0,23","0,19","1,2",15,100,S,False,True,taoge kacang kedelai,,,,,left_only,100.0,1 porsi,category_standard_vegetable,True,76.0,9.0,2.6,6.4,100.0,URT
DR150,"taoge kacang tunggak, segar",DABM-1964,88,40,5.0,0.2,5.8,"2,6",1,57,88,1,"2,1","226,8","0,07","0,5",,299,0,"0,07","0,08","0,8",15,90,S,False,True,taoge kacang tunggak,,,,,left_only,100.0,1 porsi,category_standard_vegetable,True,40.0,5.0,0.2,5.8,100.0,URT
DR151,"tebu terubuk (lilin), segar",DABM-1964,91,30,4.6,0.4,3.0,"0,8",1,40,80,2,"698,6",,"0,2","1,1",,12,0,"0,08","0,2","1,2",50,20,S,False,True,tebu terubuk lilin,,,,,left_only,100.0,1 porsi,category_standard_vegetable,True,30.0,4.6,0.4,3.0,100.0,URT
DR152,"tekokak, segar",DABM-1964,89,34,2.0,0.1,7.9,"4,9",1,50,30,2,"2,9","333,3","0,12","0,2",,23,750,"0,08","0,05","0,9",8,95,S,False,True,tekokak,,,,,left_only,100.0,1 porsi,category_standard_vegetable,True,34.0,2.0,0.1,7.9,100.0,URT
DR153,"tekokak, kering",DABM-1964,"12,3",302,8.3,1.7,72.6,"21,2","8,1",370,180,"22,2","8,5",0,"1044,2",1,,187,750,"0,4","0,17","5,1",0,100,S,False,True,tekokak,,,,,left_only,100.0,1 porsi,category_standard_vegetable,True,302.0,8.3,1.7,72.6,100.0,URT
DR154,"terong, segar",DABM-1964,"92,7",28,1.1,0.2,5.5,"2,1","0,5",15,37,"0,4","8,9",187,"0,1","0,1",,46,30,"0,04","0,03","0,5",5,100,S,False,True,terong,,,,,left_only,100.0,1 porsi,category_standard_vegetable,True,28.0,1.1,0.2,5.5,100.0,URT
DR155,"terong asam, segar",KZGMI-2001,"90,5",37,2.0,0.4,6.3,"3,2","0,8",13,59,"1,5",3,155,"0,3","0,3",,97,,"0,2","0,1","0,8",4,,S,False,True,terong asam,,,,,left_only,100.0,1 porsi,category_standard_vegetable,True,37.0,2.0,0.4,6.3,100.0,URT
DR156,"terung belanda, segar",KZGPI-1990,"87,3",52,2.1,1.1,8.6,"1,4",1,16,40,"1,1",,,,,0,,8048,"0,42","0,06",0,12,100,S,False,True,terung belanda,,,,,left_only,100.0,1 porsi,category_standard_vegetable,True,52.0,2.1,1.1,8.6,100.0,URT
DR157,"terung bengkulu, segar",KZGPI-1990,"86,6",52,1.1,0.4,11.2,"3,2","0,8",19,39,"1,1","13,7",,"0,16",1,0,85,600,"0,23","0,04",0,6,100,S,False,True,terung bengkulu,,,,,left_only,100.0,1 porsi,category_standard_vegetable,True,52.0,1.1,0.4,11.2,100.0,URT
DR158,"terong hintalo, segar",KZGMI-2001,"89,2",45,1.9,0.8,7.5,"5,1","0,6",19,268,1,167,142,"0,6","0,2",,552,,"0,2","0,4",,4,,S,False,True,terong hintalo,,,,,left_only,100.0,1 porsi,category_standard_vegetable,True,45.0,1.9,0.8,7.5,100.0,URT
DR159,terung panjang,KZGPI-1990,"91,8",25,2.1,0.1,5.3,"0,5","0,7",38,24,"0,7","8,8","53,7","0,09","0,2",0,83,24,"0,15","0,06","0,7",8,100,S,False,True,terung panjang,,,,,left_only,100.0,1 porsi,category_standard_vegetable,True,25.0,2.1,0.1,5.3,100.0,URT
DR160,"tomat, air (sari), segar",DABM-1964,94,20,1.0,0.2,3.5,"0,4","1,3",7,15,"0,4","9,8","225,2","0,06","0,1",,266,600,"0,05","0,03","0,7",10,100,S,False,True,tomat air sari,,,,,left_only,100.0,1 porsi,category_standard_vegetable,True,20.0,1.0,0.2,3.5,100.0,URT
DR161,"tomat merah, segar",KZGPI-1990,"92,9",24,1.3,0.5,4.7,"1,5","0,6",8,77,"0,6","9,8","164,9","0,14","0,2",,575,2083,"0,06","0,07","0,4",34,100,S,False,True,tomat merah,,,,,left_only,100.0,1 porsi,category_standard_vegetable,True,24.0,1.3,0.5,4.7,100.0,URT
DR162,"tomat muda, segar",DABM-1964,93,24,2.0,0.7,3.3,"1,8",2,5,27,"0,5","10,3",210,"0,07","0,2",,384,320,"0,07","0,04","0,7",30,95,S,False,True,tomat muda,,,,,left_only,100.0,1 porsi,category_standard_vegetable,True,24.0,2.0,0.7,3.3,100.0,URT
DR163,"uceng/ bunga melinjo, segar",KZGPI-1990,"79,5",82,5.8,1.3,11.7,"4,8","1,7",70,266,"2,4",,,,,,,58,"0,11","0,15",,3,89,S,False,True,uceng bunga melinjo,,,,,left_only,100.0,1 porsi,category_standard_vegetable,True,82.0,5.8,1.3,11.7,100.0,URT
DR164,"umbut kelapa, segar",KZGMI-2001,"89,3",39,2.0,0.2,7.2,"2,5","1,3",57,49,,4,447,"0,2","1,4",,16,,"0,1","0,1",,8,,S,False,True,umbut kelapa,,,,,left_only,100.0,1 porsi,category_standard_vegetable,True,39.0,2.0,0.2,7.2,100.0,URT
DR165,umbut rotan,KZGMI-2001,"90,5",34,2.4,0.3,5.5,"2,2","1,3",89,79,"1,3",8,552,"0,2","1,9",,14,,"0,2",,,9,,S,False,True,umbut rotan,,,,,left_only,100.0,1 porsi,category_standard_vegetable,True,34.0,2.4,0.3,5.5,100.0,URT
DR166,"wortel, segar",KZGPI-1990,"89,9",36,1.0,0.6,7.9,1,"0,6",45,74,1,70,245,"0,06","0,3",,3784,7125,"0,04","0,04",1,18,80,S,False,True,wortel,,,,,left_only,100.0,1 porsi,category_standard_vegetable,True,36.0,1.0,0.6,7.9,100.0,URT
ER003,"apel malang, segar",KZGPI- 1990,86,57,0.5,0.4,12.8,"0,8","0,3",9,18,"0,6",4,"175,4","110,16",0,,26,2240,"0,05","0,03","0,1",5,88,B,False,True,apel malang,Apel malang,75,1 buah sedang,75.0,both,75.0,1 buah sedang,normalized_urt,True,42.75,0.375,0.3,9.6,75.0,URT
ER006,"belimbing, segar",DABM-1964,90,36,0.4,0.4,8.8,"3,2","0,4",4,12,"1,1",4,130,,"0,1",,29,170,"0,03",,,35,86,B,False,True,belimbing,Belimbing,125-140,1 buah besar,132.5,both,132.5,1 buah besar,normalized_urt,True,47.7,0.53,0.53,11.66,132.5,URT
ER022,"duku, segar",DABM-1964,82,63,1.0,0.2,16.1,"4,3","0,7",18,9,"0,9",2,149,"0,09","0,2",,0,0,"0,05","0,15","1,5",9,64,B,False,True,duku,Duku,80,10-16 buah sedang,80.0,both,80.0,10-16 buah sedang,normalized_urt,True,50.4,0.8,0.16,12.88,80.0,URT
ER023,"durian, segar",DABM-1964,65,149,2.5,3.0,21.5,"3,5",8,7,44,"1,3",1,601,"0,12","0,3",,146,175,"0,1","0,19","136,5",53,22,B,False,True,durian,Durian,35,2 biji besar,35.0,both,35.0,2 biji besar,normalized_urt,True,52.15,0.875,1.05,7.525,35.0,URT
ER030,"jambu air, segar",DABM-1964,87,46,0.6,0.2,11.8,"2,1","0,8",8,9,"1,1",11,"321,2",,"0,1",,92,,"0,02","0,38","4,6",5,90,G,False,True,jambu air,Jambu air,100,2 buah sedang,100.0,both,100.0,2 buah sedang,normalized_urt,True,46.0,0.6,0.2,11.8,100.0,URT
ER031,jambu biji,DABM-1964,86,64,0.9,0.3,12.2,"2,4","0,6",14,28,"1,1",10,"52,8","0,02","0,3",,27,25,"0,02","0,03","0,8",87,82,G,False,True,jambu biji,Jambu biji,100,1 buah besar,100.0,both,100.0,1 buah besar,normalized_urt,True,64.0,0.9,0.3,12.2,100.0,URT
ER033,"jambu bol, segar",KZGMI-2001,87,49,2.3,0.2,9.6,"3,5","0,8",8,8,"0,3",1,14,0,0,,92,,"0,13","0,01","0,5",22,67,G,False,True,jambu bol,Jambu bol,90,1 buah kecil,90.0,both,90.0,1 buah kecil,normalized_urt,True,44.1,2.07,0.18,8.64,90.0,URT
ER035,"jeruk bali, segar",DABM-1964,86,48,0.6,0.2,12.4,"0,8","0,5",23,27,"0,5",21,"366,1","171,25","0,1",,33,20,"0,04",0,"0,4",43,62,B,False,True,jeruk bali,Jeruk bali,105,1 potong,105.0,both,105.0,1 potong,normalized_urt,True,50.4,0.63,0.21,13.02,105.0,URT
ER039,"jeruk manis, segar",DABM-1964,87,45,0.9,0.2,11.2,"1,4","0,5",33,23,"0,4",4,"472,1",160,"0,2",,0,190,"0,08","0,03","0,2",49,72,B,False,True,jeruk manis,Jeruk manis,100,2 buah sedang,100.0,both,100.0,2 buah sedang,normalized_urt,True,45.0,0.9,0.2,11.2,100.0,URT
ER040,"jeruk nipis, segar",KZGPI- 1990,89,44,0.5,0.2,10.0,"0,4","0,4",18,22,"0,2",3,"108,9","0,06","0,1",,23,4,"0,01","0,03","0,2",20,76,B,False,True,jeruk nipis,Jeruk nipis,135,1 ½ gelas,135.0,both,135.0,1 ½ gelas,normalized_urt,True,59.4,0.675,0.27,13.5,135.0,URT
ER043,"kedondong masak, segar",DABM-1964,88,46,1.0,0.1,10.3,"2,6","0,6",15,22,"2,8",2,"216,2","0,03","0,1",,164,233,"0,08","0,23","0,3",30,58,B,False,True,kedondong,Kedondong,100/120,2 buah sedang/besar,110.0,both,110.0,2 buah sedang/besar,normalized_urt,True,50.6,1.1,0.11,11.33,110.0,URT
ER044,"kedondong, segar",KZGMI-2001,88,47,0.5,0.2,10.4,"2,7","0,6",7,58,"0,8",2,0,,"0,2",,,,,,"0,4",32,58,B,False,True,kedondong,Kedondong,100/120,2 buah sedang/besar,110.0,both,110.0,2 buah sedang/besar,normalized_urt,True,51.7,0.55,0.22,11.44,110.0,URT
ER048,"kesemek, segar",DABM-1964,78,78,0.8,0.4,20.0,"0,6","0,6",6,26,"0,3",0,"34,5","0,13","0,1",,,2710,,,"0,1",11,97,B,False,True,kesemek,Kesemek,65,1 ½ buah,65.0,both,65.0,1 ½ buah,normalized_urt,True,50.7,0.52,0.26,13.0,65.0,URT
ER054,"mangga, segar",KZGMI-2001,87,52,0.7,0.0,12.3,"1,6","0,2",20,16,1,3,140,"0,33",0,,,,,,"0,3",12,65,B,False,True,mangga,Mangga,90,¾ buah besar,90.0,both,90.0,¾ buah besar,normalized_urt,True,46.8,0.6299999999999999,0.0,11.07,90.0,URT
ER064,"manggis, segar",DABM-1964,83,63,0.6,0.6,15.6,"1,5","0,2",8,12,"0,8",10,"61,9","0,1","0,1",,0,0,"0,03","0,03","0,3",5,29,B,False,True,manggis,Manggis,80,2 buah sedang,80.0,both,80.0,2 buah sedang,normalized_urt,True,50.4,0.48,0.48,12.48,80.0,URT
ER065,"markisa, segar",KZGPI- 1990,65,144,3.5,1.2,29.8,"11,4","0,8",27,203,"1,4",37,"453,8","0,11","0,1",0,969,691,"0,02","0,17",2,10,48,B,False,True,markisa,Markisa,35,¾ buah sedang,35.0,both,35.0,¾ buah sedang,normalized_urt,True,50.4,1.225,0.42,10.43,35.0,URT
ER067,"melon, segar",BKP,91,37,0.6,0.4,7.8,1,"0,5",12,14,"0,4",27,167,"0,3","0,1",,1,0,"0,02","0,1",0,0,"58,1",B,False,True,melon,Melon,90,1 potong,90.0,both,90.0,1 potong,normalized_urt,True,33.3,0.54,0.36,7.02,90.0,URT
ER073,"pepaya, segar",DABM-1964,87,46,0.5,0.1,12.2,"1,6","0,6",23,12,"1,7",4,221,"0,02","0,3",,1038,365,"0,04","0,06","0,4",78,75,B,False,True,pepaya,Pepaya,100-190,1 potong besar,145.0,both,145.0,1 potong besar,normalized_urt,True,66.7,0.725,0.145,17.69,145.0,URT
ER074,"pisang ambon, segar",KZGMI-2001,73,108,1.0,0.8,24.3,"1,9",1,20,30,"0,2",10,"356,3","0,2","0,2",,37,,"0,05","0,11","0,1",9,75,B,False,True,pisang ambon,Pisang ambon,50,1 buah sedang,50.0,both,50.0,1 buah sedang,normalized_urt,True,54.0,0.5,0.4,12.15,50.0,URT
ER081,"pisang kepok, segar",KZGMI-2001,72,109,0.8,0.5,26.3,"5,7",1,10,30,"0,5",10,300,"0,1","0,2",,0,,"0,1",0,"0,1",9,75,B,False,True,pisang kepok,Pisang kepok,45,1 buah,45.0,both,45.0,1 buah,normalized_urt,True,49.05,0.36,0.225,11.835,45.0,URT
ER087,"pisang mas, segar",DABM-1964,64,127,1.4,0.2,33.6,"1,4","0,6",7,25,"0,8",42,392,"195,78",,,17,,"0,09","0,08","4,5",2,85,B,False,True,pisang mas,Pisang mas,40,2 buah,40.0,both,40.0,2 buah,normalized_urt,True,50.8,0.56,0.08,13.44,40.0,URT
ER089,"pisang raja, segar",DABM-1964,66,120,1.2,0.2,31.8,"5,3",1,10,22,"0,8",35,"582,2","0,31",,,53,,"0,06","0,14","1,2",10,70,B,False,True,pisang raja,Pisang raja,40,2 buah kecil,40.0,both,40.0,2 buah kecil,normalized_urt,True,48.0,0.48,0.08,12.72,40.0,URT
ER097,"rambutan, segar",DABM-1964,81,69,0.9,0.1,18.1,"0,8","0,4",16,16,"0,5",16,"104,2","0,17",,,0,,0,"0,07","0,5",58,40,B,False,True,rambutan,Rambutan,75,8 buah,75.0,both,75.0,8 buah,normalized_urt,True,51.75,0.675,0.075,13.575,75.0,URT
ER105,"semangka, segar",DABM-1964,92,28,0.5,0.2,6.9,"0,4","0,3",7,12,"0,2",7,"93,8","0,04",,,315,,"0,05","0,05","0,3",6,46,B,False,True,semangka,Semangka,180,2 potong sedang,180.0,both,180.0,2 potong sedang,normalized_urt,True,50.4,0.9,0.36,12.42,180.0,URT
ER106,"sirsak, segar",DABM-1964,82,65,1.0,0.3,16.3,"3,2","0,7",14,27,"0,6",2,"298,9","0,08",1,,8,10,"0,07","0,08","0,7",20,68,B,False,True,sirsak,Sirsak,60,½ gelas,60.0,both,60.0,½ gelas,normalized_urt,True,39.0,0.6,0.18,9.78,60.0,URT
ER108,"srikaya, segar",KZGPI- 1990,83,63,1.1,0.5,13.9,"2,1","1,1",127,30,"2,7",,,,,0,,31,"0,08",,,28,48,B,False,True,srikaya,Srikaya,50,2 buah besar,50.0,both,50.0,2 buah besar,normalized_urt,True,31.5,0.55,0.25,6.95,50.0,URT
GR001,"belut, segar",KZGMI-2001,"81,5",70,14.6,0.8,1.0,0,"2,1",49,155,"1,5",55,169,"0,2","1,2",,0,,"0,22","0,12","7,7",,,LH,False,True,belut,Belut,45,3 ekor,45.0,both,45.0,3 ekor,normalized_urt,True,31.5,6.57,0.36,0.45,45.0,URT
GR003,"cumi-cumi, segar",KZGPI- 1990,"82,2",75,16.1,0.7,0.1,0,"0,9",32,200,"1,8",37,"204,1","1,6","1,3",0,20,0,"0,08",0,"2,5",0,,LH,False,True,cumi cumi,Cumi-cumi,45,1 ekor kecil,45.0,both,45.0,1 ekor kecil,normalized_urt,True,33.75,7.245000000000001,0.31499999999999995,0.045,45.0,URT
GR030,"ikan kakap, segar",DABM- 1964,77,92,20.0,0.7,0.0,0,"2,3",20,200,1,,,,,9,,,"0,05",,,0,,LH,False,True,ikan kakap,Ikan kakap,35,1/3 ekor besar,35.0,both,35.0,1/3 ekor besar,normalized_urt,True,32.2,7.0,0.245,0.0,35.0,URT
GR042,"ikan lemuru, segar",DABM- 1964,76,112,20.0,3.0,0.0,0,1,20,100,1,,,,,30,0,,"0,05",,,0,80,LH,False,True,ikan lemuru,Ikan lemuru,35,1 potong sedang,35.0,both,35.0,1 potong sedang,normalized_urt,True,39.2,7.0,1.05,0.0,35.0,URT
GR046,"ikan mas, segar",DABM- 1964,80,86,16.0,2.0,0.0,0,2,20,150,2,65,"276,7","0,1","1,1",45,8,,"0,05","0,1","2,6",0,80,LH,False,True,ikan emas,Ikan mas,45,1/3 ekor sedang,45.0,both,45.0,1/3 ekor sedang,normalized_urt,True,38.7,7.2,0.9,0.0,45.0,URT
GR068,"ikan teri, segar",KZGPI- 1990,80,74,10.3,1.4,4.1,0,"4,2",972,253,"3,9",554,"126,1","305,2","0,2",13,0,28,"0,24","0,1","1,9",0,100,LH,False,True,ikan teri,Ikan Teri Kering,20,1 sendok makan,20.0,both,20.0,1 sendok makan,normalized_urt,True,14.8,2.06,0.28,0.82,20.0,URT
GR068,"ikan teri, segar",KZGPI- 1990,80,74,10.3,1.4,4.1,0,"4,2",972,253,"3,9",554,"126,1","305,2","0,2",13,0,28,"0,24","0,1","1,9",0,100,LH,False,True,ikan teri,Ikan teri kering,20,1 sendok makan,20.0,both,20.0,1 sendok makan,normalized_urt,True,14.8,2.06,0.28,0.82,20.0,URT
GR074,"kerang, segar",KZGPI- 1990,"78,2",101,14.4,2.6,3.9,0,"0,9",321,270,"15,6",,,,,0,,0,"0,01",,,0,100,LH,False,True,kerang,Kerang,90,1/2 gelas,90.0,both,90.0,1/2 gelas,normalized_urt,True,90.9,12.96,2.34,3.51,90.0,URT
GR084,"udang, segar",DABM- 1964,75,91,21.0,0.2,0.1,0,"3,7",136,170,8,178,"222,4","0,3","1,3",18,4,,"0,01","0,4","3,7",0,68,LH,False,True,udang,Udang segar,35,5 ekor sedang,35.0,both,35.0,5 ekor sedang,normalized_urt,True,31.85,7.35,0.07,0.035,35.0,URT
JR003,"susu kambing, segar",DABM-1964,"85,9",64,4.3,2.3,6.6,0,"0,9",98,78,"2,7",35,160,"0,33","0,1",38,0,,"0,06","0,45","0,3",1,100,SS,False,True,susu kambing,Susu kambing,185,3/4 gelas,185.0,both,185.0,3/4 gelas,normalized_urt,True,118.4,7.955,4.254999999999999,12.21,185.0,URT
JR004,"susu kerbau, segar",DABM-1964,"73,8",160,6.3,12.0,7.1,,"0,8",216,101,"0,2",82,,,"0,3",24,,,"0,04","0,07",,1,100,SS,False,True,susu kerbau,Susu kerbau,100,1/2 gelas,100.0,both,100.0,1/2 gelas,normalized_urt,True,160.0,6.3,12.0,7.1,100.0,URT
JR006,"susu sapi, segar",DABM-1964,"88,3",61,3.2,3.5,4.3,0,"0,7",143,60,"1,7",36,149,"0,02","0,3",39,12,,"0,03","0,18","0,2",1,100,SS,False,True,susu sapi,Susu sapi,200,1 gelas,200.0,both,200.0,1 gelas,normalized_urt,True,122.0,6.4,7.0,8.6,200.0,URT
